#pragma once
#include <Arduino.h>

static constexpr int WISP_MASCOT_W = 118;
static constexpr int WISP_MASCOT_H = 146;
const uint16_t WISP_MASCOT[] PROGMEM = {
  0x0862, 0x0862, 0x0882, 0x0882, 0x0882, 0x08A3, 0x10A3, 0x10A3, 0x10A3, 0x10C3, 0x10C4, 0x10E4,
  0x10E4, 0x1905, 0x1905, 0x1905, 0x1925, 0x1926, 0x1946, 0x1946, 0x2167, 0x2187, 0x2187, 0x21A8,
  0x21C8, 0x29C9, 0x29E9, 0x2A0A, 0x2A0A, 0x2A2B, 0x2A4B, 0x326B, 0x326C, 0x328C, 0x32AD, 0x32CD,
  0x32EE, 0x32EE, 0x32EF, 0x3B0F, 0x3B30, 0x3B50, 0x3B71, 0x3B71, 0x3B71, 0x3B71, 0x3B92, 0x3BB3,
  0x3BD3, 0x3BD3, 0x3BD3, 0x3BD3, 0x3BF4, 0x3BF4, 0x3BD3, 0x3BD3, 0x3BB2, 0x3BB2, 0x3BB2, 0x3B92,
  0x3B71, 0x3B51, 0x3B50, 0x3B50, 0x3B30, 0x330F, 0x330F, 0x32EE, 0x32CE, 0x32CE, 0x32AD, 0x328D,
  0x326C, 0x326C, 0x2A4B, 0x2A2B, 0x2A0A, 0x2A0A, 0x29E9, 0x29C9, 0x21A8, 0x21A8, 0x2187, 0x2167,
  0x1966, 0x1946, 0x1946, 0x1926, 0x1925, 0x1925, 0x1905, 0x10E4, 0x10E4, 0x10E4, 0x10C4, 0x10C4,
  0x10C3, 0x10A3, 0x10A3, 0x0883, 0x0882, 0x0882, 0x0882, 0x0862, 0x0862, 0x0862, 0x0862, 0x0041,
  0x0041, 0x0041, 0x0041, 0x0021, 0x0021, 0x0020, 0x0020, 0x0020, 0x0020, 0x0020, 0x0862, 0x0882,
  0x0882, 0x0882, 0x08A3, 0x10A3, 0x10A3, 0x10C3, 0x10C3, 0x10C4, 0x10E4, 0x18E4, 0x1905, 0x1905,
  0x1905, 0x1925, 0x1946, 0x1946, 0x2146, 0x2167, 0x2187, 0x2187, 0x21A8, 0x21C8, 0x29C9, 0x29E9,
  0x2A0A, 0x2A2A, 0x2A2B, 0x324B, 0x326C, 0x328C, 0x328C, 0x32AD, 0x32CD, 0x32EE, 0x3B0F, 0x3B2F,
  0x3B2F, 0x3B30, 0x3B50, 0x3B71, 0x3B92, 0x3BB2, 0x3BB2, 0x3BB2, 0x3BD3, 0x43F4, 0x4414, 0x3C14,
  0x3415, 0x3416, 0x4435, 0x4435, 0x3C15, 0x3C14, 0x3BF4, 0x3BF3, 0x3BD3, 0x3BD3, 0x3BB2, 0x3B92,
  0x3B71, 0x3B71, 0x3B71, 0x3B50, 0x3B30, 0x3B0F, 0x32EF, 0x32EE, 0x32CE, 0x32AD, 0x328D, 0x328C,
  0x326C, 0x324B, 0x2A2B, 0x2A0A, 0x29E9, 0x29E9, 0x29C9, 0x21A8, 0x21A8, 0x2187, 0x2167, 0x2167,
  0x2146, 0x1946, 0x1926, 0x1925, 0x1905, 0x1905, 0x10E4, 0x10E4, 0x10E4, 0x10E4, 0x10C3, 0x10C3,
  0x10A3, 0x08A3, 0x0883, 0x0882, 0x0882, 0x0862, 0x0862, 0x0862, 0x0862, 0x0861, 0x0841, 0x0041,
  0x0041, 0x0041, 0x0041, 0x0021, 0x0020, 0x0020, 0x0020, 0x0020, 0x0862, 0x0882, 0x0882, 0x0882,
  0x10A3, 0x10A3, 0x10C3, 0x10C4, 0x10C4, 0x10C4, 0x10E4, 0x1905, 0x1905, 0x1925, 0x1925, 0x1926,
  0x2146, 0x2146, 0x2167, 0x2187, 0x2187, 0x21A8, 0x29C8, 0x29E9, 0x29E9, 0x2A0A, 0x2A2A, 0x2A2A,
  0x324B, 0x326C, 0x328C, 0x32AD, 0x32AD, 0x32CE, 0x3AEE, 0x3B0F, 0x3B2F, 0x3B50, 0x3B50, 0x3B71,
  0x3B91, 0x3BB2, 0x43D3, 0x43D3, 0x43F3, 0x43F4, 0x4414, 0x4435, 0x4456, 0x4476, 0x1C38, 0x1439,
  0x4497, 0x4476, 0x4476, 0x4456, 0x4435, 0x4435, 0x4415, 0x4414, 0x3BF3, 0x3BD3, 0x3BB2, 0x3BB2,
  0x3B92, 0x3B71, 0x3B50, 0x3B30, 0x3B2F, 0x3B0F, 0x32EE, 0x32CE, 0x32AD, 0x328D, 0x328C, 0x326C,
  0x324B, 0x2A2B, 0x2A0A, 0x29E9, 0x29E9, 0x29C9, 0x21A8, 0x21A8, 0x2187, 0x2167, 0x2166, 0x2146,
  0x1946, 0x1926, 0x1925, 0x1905, 0x1905, 0x10E4, 0x10E4, 0x10E4, 0x10C4, 0x10C3, 0x10A3, 0x10A3,
  0x08A3, 0x0883, 0x0882, 0x0882, 0x0862, 0x0862, 0x0862, 0x0862, 0x0861, 0x0041, 0x0041, 0x0041,
  0x0041, 0x0021, 0x0021, 0x0021, 0x0021, 0x0020, 0x0882, 0x0882, 0x0882, 0x08A3, 0x10A3, 0x10C3,
  0x10C3, 0x10C4, 0x10C4, 0x10E4, 0x1904, 0x1905, 0x1925, 0x1925, 0x1925, 0x2146, 0x2166, 0x2166,
  0x2167, 0x2187, 0x21A8, 0x29C8, 0x29C9, 0x29E9, 0x2A0A, 0x2A2A, 0x322B, 0x324B, 0x326C, 0x328C,
  0x32AD, 0x3ACD, 0x3ACE, 0x3AEE, 0x3B0F, 0x3B2F, 0x3B50, 0x3B71, 0x3B71, 0x4392, 0x43B2, 0x43F3,
  0x4414, 0x4414, 0x4435, 0x4435, 0x4455, 0x4476, 0x4497, 0x44B8, 0x1459, 0x045A, 0x3CB9, 0x44D8,
  0x44B7, 0x4497, 0x4476, 0x4476, 0x4456, 0x4435, 0x4415, 0x43F4, 0x43D3, 0x43D3, 0x3BB2, 0x3B92,
  0x3B71, 0x3B50, 0x3B50, 0x3B30, 0x3B0F, 0x3AEE, 0x32CE, 0x32AD, 0x32AD, 0x328C, 0x326C, 0x324B,
  0x322A, 0x2A0A, 0x29E9, 0x29E9, 0x29C8, 0x21A8, 0x21A8, 0x2187, 0x2167, 0x2167, 0x2146, 0x1946,
  0x1926, 0x1925, 0x1905, 0x1905, 0x10E4, 0x10E4, 0x10E4, 0x10C4, 0x10C3, 0x10A3, 0x10A3, 0x10A3,
  0x0882, 0x0882, 0x0882, 0x0862, 0x0862, 0x0862, 0x0862, 0x0841, 0x0041, 0x0041, 0x0041, 0x0041,
  0x0021, 0x0021, 0x0021, 0x0020, 0x0882, 0x0882, 0x0883, 0x10A3, 0x10A3, 0x10C3, 0x10C4, 0x10E4,
  0x10E4, 0x18E4, 0x1905, 0x1905, 0x1925, 0x1926, 0x2146, 0x2146, 0x2166, 0x2167, 0x2187, 0x29A7,
  0x29A8, 0x29C9, 0x29E9, 0x2A09, 0x322A, 0x324B, 0x324B, 0x326B, 0x328C, 0x3AAD, 0x3ACD, 0x3ACE,
  0x3AEE, 0x3B0F, 0x3B2F, 0x3B50, 0x4371, 0x4391, 0x43B2, 0x43D3, 0x43F3, 0x4414, 0x4435, 0x4455,
  0x4456, 0x4456, 0x4497, 0x4CB8, 0x4CD8, 0x3CDA, 0x045B, 0x045B, 0x24BA, 0x4D3A, 0x4CF9, 0x4CD8,
  0x4CB8, 0x44B7, 0x4497, 0x4476, 0x4456, 0x4435, 0x4414, 0x43F4, 0x43D3, 0x43B2, 0x3B92, 0x3B71,
  0x3B51, 0x3B50, 0x3B2F, 0x3B0F, 0x3AEE, 0x3ACE, 0x32AD, 0x32AD, 0x328C, 0x324B, 0x324B, 0x322A,
  0x2A0A, 0x29E9, 0x29C9, 0x29C8, 0x29A8, 0x2187, 0x2167, 0x2167, 0x2166, 0x2146, 0x1926, 0x1925,
  0x1905, 0x1905, 0x1905, 0x18E4, 0x10E4, 0x10E4, 0x10C4, 0x10A3, 0x10A3, 0x10A3, 0x0883, 0x0882,
  0x0882, 0x0882, 0x0882, 0x0862, 0x0862, 0x0841, 0x0041, 0x0841, 0x0041, 0x0041, 0x0021, 0x0021,
  0x0021, 0x0021, 0x0882, 0x1083, 0x10A3, 0x10A3, 0x10C3, 0x10C4, 0x10E4, 0x10E4, 0x18E4, 0x1904,
  0x1905, 0x1925, 0x1946, 0x2146, 0x2146, 0x2166, 0x2187, 0x2187, 0x2987, 0x29A8, 0x29C8, 0x29E9,
  0x3209, 0x322A, 0x322A, 0x324B, 0x326B, 0x328C, 0x3AAC, 0x3ACD, 0x3ACE, 0x3AEE, 0x3B0F, 0x3B2F,
  0x4350, 0x4371, 0x4392, 0x43B2, 0x43D3, 0x43F3, 0x4414, 0x4455, 0x4476, 0x4C76, 0x4C97, 0x4C97,
  0x4CD8, 0x4CF9, 0x4D3A, 0x2CDB, 0x149C, 0x559D, 0x045B, 0x557B, 0x553A, 0x4D19, 0x4D19, 0x4CF9,
  0x4CD8, 0x4CB8, 0x4497, 0x4476, 0x4435, 0x4435, 0x4414, 0x43D3, 0x43B2, 0x43B2, 0x3B71, 0x3B71,
  0x3B50, 0x3B0F, 0x3B0F, 0x3AEE, 0x3ACE, 0x3AAD, 0x328C, 0x326C, 0x324B, 0x322B, 0x320A, 0x2A0A,
  0x29E9, 0x29C9, 0x29C8, 0x29A8, 0x2187, 0x2187, 0x2167, 0x2166, 0x2146, 0x1926, 0x1925, 0x1905,
  0x1905, 0x1905, 0x18E4, 0x10E4, 0x10C4, 0x10C4, 0x10C3, 0x10A3, 0x10A3, 0x0883, 0x0882, 0x0882,
  0x0882, 0x0862, 0x0862, 0x0862, 0x0841, 0x0841, 0x0041, 0x0041, 0x0041, 0x0021, 0x0021, 0x0021,
  0x1083, 0x10A3, 0x10A3, 0x10A3, 0x10C4, 0x10E4, 0x10E4, 0x18E4, 0x1905, 0x1905, 0x1925, 0x1946,
  0x2146, 0x2166, 0x2166, 0x2167, 0x2187, 0x2987, 0x29A8, 0x29C8, 0x29E9, 0x29E9, 0x320A, 0x322A,
  0x324B, 0x326C, 0x3A8C, 0x3A8C, 0x3AAD, 0x3AEE, 0x3AEE, 0x3B0F, 0x432F, 0x4350, 0x4371, 0x4391,
  0x43B2, 0x43D3, 0x43F4, 0x4414, 0x4455, 0x4C96, 0x4CB7, 0x4CB8, 0x4CD8, 0x4CD8, 0x4D19, 0x553A,
  0x5D7B, 0x14BB, 0x3D3D, 0xBF1F, 0x047C, 0x3D5C, 0x5D9B, 0x557B, 0x5D7B, 0x5D5A, 0x553A, 0x44F9,
  0x2C99, 0x3478, 0x4C97, 0x4476, 0x4435, 0x4414, 0x43D3, 0x43D3, 0x4392, 0x4371, 0x4350, 0x3B30,
  0x3B0F, 0x3AEE, 0x3AEE, 0x3ACD, 0x3AAD, 0x328C, 0x326B, 0x324B, 0x322A, 0x320A, 0x29E9, 0x29E9,
  0x29C9, 0x29A8, 0x29A8, 0x2187, 0x2167, 0x2167, 0x2166, 0x2146, 0x1925, 0x1925, 0x1925, 0x1905,
  0x1905, 0x18E4, 0x10E4, 0x10C4, 0x10C4, 0x10C3, 0x10A3, 0x10A3, 0x0882, 0x0882, 0x0882, 0x0882,
  0x0882, 0x0862, 0x0861, 0x0862, 0x0841, 0x0041, 0x0041, 0x0021, 0x0041, 0x0041, 0x10A3, 0x10A3,
  0x10A3, 0x10C3, 0x10C4, 0x18E4, 0x18E4, 0x1905, 0x1905, 0x1925, 0x1925, 0x2146, 0x2146, 0x2166,
  0x2166, 0x2187, 0x2987, 0x29A8, 0x29C8, 0x29C9, 0x31E9, 0x3209, 0x322A, 0x324B, 0x3A6B, 0x3A8C,
  0x3A8C, 0x3AAD, 0x3ACD, 0x3AEE, 0x430F, 0x432F, 0x4330, 0x4370, 0x4391, 0x43B2, 0x43D3, 0x43F4,
  0x4414, 0x4C55, 0x4C76, 0x4498, 0x44D9, 0x4D19, 0x553A, 0x555A, 0x555A, 0x559B, 0x5DBC, 0x049C,
  0x5DDE, 0xFFFF, 0x1CFD, 0x14FC, 0x6DFD, 0x65DC, 0x5DBC, 0x351B, 0x0C7B, 0x047B, 0x043A, 0x34B9,
  0x4CD8, 0x4C97, 0x4476, 0x4435, 0x43F4, 0x43D3, 0x43B2, 0x4392, 0x4371, 0x4350, 0x432F, 0x3B0F,
  0x3AEE, 0x3ACE, 0x3AAD, 0x3A8C, 0x3A6C, 0x324B, 0x322B, 0x320A, 0x320A, 0x29E9, 0x29C9, 0x29C8,
  0x29A8, 0x2987, 0x2187, 0x2167, 0x2167, 0x2146, 0x2146, 0x1925, 0x1925, 0x1925, 0x1905, 0x1905,
  0x18E4, 0x10E4, 0x10C4, 0x10C4, 0x10A3, 0x10A3, 0x10A3, 0x0883, 0x0882, 0x0882, 0x0882, 0x0862,
  0x0862, 0x0862, 0x0862, 0x0841, 0x0041, 0x0041, 0x0041, 0x0041, 0x10A3, 0x10A3, 0x10C3, 0x10C3,
  0x10C4, 0x18E4, 0x1904, 0x1905, 0x1905, 0x1925, 0x2126, 0x2146, 0x2166, 0x2166, 0x2167, 0x2987,
  0x29A7, 0x29A8, 0x29C8, 0x31E9, 0x31E9, 0x320A, 0x322A, 0x3A4B, 0x3A6B, 0x3A8C, 0x3AAC, 0x3AAD,
  0x3ACE, 0x430E, 0x430F, 0x432F, 0x4350, 0x4371, 0x4392, 0x4BB2, 0x4BF3, 0x4C14, 0x4C35, 0x4C76,
  0x4CB7, 0x2479, 0x0C5B, 0x149B, 0x1CBB, 0x351B, 0x559C, 0x65FC, 0x65DD, 0x049C, 0x7E3E, 0xFFFF,
  0x6DFE, 0x047C, 0x3D5C, 0x1CDC, 0x045B, 0x045B, 0x4D9D, 0x0CDC, 0x149B, 0x553A, 0x4CF8, 0x4CB8,
  0x4C97, 0x4C55, 0x4414, 0x43F4, 0x43D3, 0x43B2, 0x4371, 0x4350, 0x4330, 0x430F, 0x42EE, 0x3ACE,
  0x3AAD, 0x3A8C, 0x3A6C, 0x3A4B, 0x324B, 0x322A, 0x320A, 0x31E9, 0x29E9, 0x29C8, 0x29A8, 0x29A8,
  0x2987, 0x2187, 0x2167, 0x2146, 0x2146, 0x2146, 0x1926, 0x1925, 0x1925, 0x1905, 0x18E4, 0x10E4,
  0x10E4, 0x10C4, 0x10A3, 0x10A3, 0x10A3, 0x0883, 0x0883, 0x0882, 0x0882, 0x0862, 0x0862, 0x0862,
  0x0862, 0x0841, 0x0041, 0x0041, 0x0041, 0x0041, 0x10A3, 0x10A3, 0x10C3, 0x10C4, 0x18E4, 0x1904,
  0x1905, 0x1905, 0x1925, 0x2125, 0x2146, 0x2146, 0x2166, 0x2167, 0x2187, 0x2987, 0x29A8, 0x29A8,
  0x29C8, 0x31E9, 0x3209, 0x320A, 0x3A4A, 0x3A4B, 0x3A6B, 0x3A8C, 0x3AAD, 0x42CD, 0x42EE, 0x430F,
  0x432F, 0x4350, 0x4350, 0x4B91, 0x4BB2, 0x4BD3, 0x4BF4, 0x4C34, 0x4C55, 0x4C97, 0x4CD8, 0x451A,
  0x047B, 0x049C, 0x3D7D, 0x047C, 0x045C, 0x0CBC, 0x251C, 0x047C, 0xAEDE, 0xFFFF, 0xD77F, 0x14BD,
  0x045C, 0x24DC, 0x761D, 0xE79F, 0x8E7E, 0x047C, 0x455B, 0x555A, 0x5519, 0x54F8, 0x4CB7, 0x4C76,
  0x4C35, 0x4C14, 0x43F3, 0x43B2, 0x4391, 0x4371, 0x4330, 0x432F, 0x42EE, 0x3ACE, 0x3AAD, 0x3A8D,
  0x3A8C, 0x3A6B, 0x324B, 0x322A, 0x322A, 0x320A, 0x31E9, 0x29C9, 0x29C8, 0x29A8, 0x2987, 0x2987,
  0x2187, 0x2166, 0x2146, 0x2146, 0x2126, 0x1925, 0x1925, 0x1905, 0x18E5, 0x18E4, 0x10E4, 0x10C4,
  0x10C4, 0x10A3, 0x10A3, 0x10A3, 0x10A3, 0x0882, 0x0882, 0x0862, 0x0862, 0x0862, 0x0862, 0x0861,
  0x0841, 0x0041, 0x0041, 0x0041, 0x10C3, 0x10C3, 0x10C3, 0x10C4, 0x18E4, 0x1904, 0x1905, 0x1925,
  0x1925, 0x2126, 0x2146, 0x2166, 0x2167, 0x2987, 0x2987, 0x29A7, 0x29A8, 0x29C8, 0x31C8, 0x31E9,
  0x3209, 0x3A2A, 0x3A4A, 0x3A6B, 0x3A8C, 0x3AAC, 0x42AD, 0x42CD, 0x42EE, 0x430F, 0x432F, 0x4350,
  0x4B70, 0x4B91, 0x4BB2, 0x4BF3, 0x4C14, 0x4C35, 0x4C76, 0x54B7, 0x54F8, 0x5D5A, 0x3D3B, 0x047C,
  0x65FE, 0xDF7F, 0x7E3E, 0x3D5D, 0x04BD, 0x1CFD, 0xEFBF, 0xFFFF, 0xFFFF, 0xBF3F, 0xCF5F, 0xF7DF,
  0xFFFF, 0x9EDE, 0x045C, 0x251C, 0x5DBC, 0x557B, 0x555A, 0x5519, 0x4CD8, 0x4C96, 0x4C55, 0x4C34,
  0x4BF3, 0x4BD2, 0x4392, 0x4371, 0x4350, 0x432F, 0x430F, 0x42EE, 0x3AAD, 0x3A8C, 0x3A8C, 0x3A6B,
  0x3A4B, 0x3A2A, 0x322A, 0x320A, 0x31E9, 0x31C9, 0x29C8, 0x29A8, 0x29A8, 0x2987, 0x2987, 0x2167,
  0x2166, 0x2146, 0x2146, 0x2125, 0x1925, 0x1905, 0x1905, 0x18E4, 0x18E4, 0x10C4, 0x10C4, 0x10C3,
  0x10A3, 0x10A3, 0x10A3, 0x1083, 0x0882, 0x0882, 0x0862, 0x0862, 0x0862, 0x0861, 0x0841, 0x0041,
  0x0041, 0x0041, 0x10C3, 0x10C3, 0x10C4, 0x10C4, 0x18E4, 0x1905, 0x1925, 0x1925, 0x2125, 0x2146,
  0x2146, 0x2167, 0x2987, 0x2987, 0x2987, 0x29A8, 0x31A8, 0x31C8, 0x31E9, 0x3209, 0x3A0A, 0x3A2A,
  0x3A4A, 0x3A6B, 0x426C, 0x428C, 0x42AD, 0x42CD, 0x42EE, 0x430F, 0x432F, 0x4B50, 0x4B70, 0x4B91,
  0x4BB2, 0x4BF3, 0x4C14, 0x5455, 0x4C96, 0x54D8, 0x5519, 0x5D5A, 0x65BC, 0x2D1C, 0x045C, 0x969E,
  0xFFFF, 0xFFFF, 0xE79F, 0xE7BF, 0xFFFF, 0xFFFF, 0xFFFF, 0xFFFF, 0xFFFF, 0xFFFF, 0xAEFF, 0x047C,
  0x14FD, 0x6E3D, 0x6E1D, 0x65BC, 0x5D7B, 0x5539, 0x54F8, 0x4CB7, 0x4C76, 0x4C35, 0x4C14, 0x4BD3,
  0x43B2, 0x4371, 0x4350, 0x432F, 0x430F, 0x42EE, 0x42CD, 0x3AAD, 0x3A8C, 0x3A6B, 0x3A4B, 0x3A4B,
  0x3A2A, 0x320A, 0x3209, 0x31E9, 0x31C9, 0x29C8, 0x29A8, 0x29A8, 0x2987, 0x2967, 0x2166, 0x2146,
  0x2146, 0x2146, 0x2125, 0x1905, 0x1905, 0x18E4, 0x18E4, 0x18E4, 0x10C4, 0x10C3, 0x10A3, 0x10A3,
  0x10A3, 0x1083, 0x0883, 0x0882, 0x0862, 0x0862, 0x0862, 0x0861, 0x0841, 0x0041, 0x0041, 0x0041,
  0x10C3, 0x10C4, 0x10C4, 0x18C4, 0x1904, 0x1905, 0x1925, 0x2125, 0x2125, 0x2146, 0x2166, 0x2967,
  0x2987, 0x2987, 0x2987, 0x29A8, 0x31C8, 0x31C8, 0x31E9, 0x31E9, 0x3A0A, 0x3A2A, 0x3A4B, 0x3A6B,
  0x426C, 0x428C, 0x42AD, 0x42CD, 0x42EE, 0x4B0F, 0x4B2F, 0x4B50, 0x4B70, 0x4B91, 0x4BB2, 0x4BF3,
  0x5434, 0x5476, 0x5497, 0x54F8, 0x5D39, 0x5D7B, 0x65DC, 0x761D, 0x1D1D, 0x049D, 0xB6FF, 0xFFFF,
  0xFFFF, 0xFFFF, 0xFFFF, 0xFFFF, 0xFFFF, 0xFFFF, 0xFFFF, 0xFFFF, 0xBF3F, 0x459D, 0x1CFD, 0x1CFD,
  0x2D3C, 0x457C, 0x557B, 0x5D7A, 0x5D19, 0x54B7, 0x4C76, 0x4C55, 0x4C14, 0x4BD3, 0x4BB2, 0x4371,
  0x4350, 0x432F, 0x430E, 0x42EE, 0x42CD, 0x42AD, 0x3A8C, 0x3A6C, 0x3A4B, 0x3A4B, 0x3A2A, 0x3A2A,
  0x320A, 0x31E9, 0x31C9, 0x31C8, 0x29A8, 0x29A8, 0x2988, 0x2987, 0x2167, 0x2166, 0x2146, 0x2146,
  0x2126, 0x1925, 0x1905, 0x1904, 0x18E4, 0x18E4, 0x10C4, 0x10C3, 0x10A3, 0x10A3, 0x10A3, 0x10A3,
  0x0883, 0x0882, 0x0862, 0x0882, 0x0862, 0x0862, 0x0841, 0x0841, 0x0841, 0x0841, 0x10C3, 0x10C4,
  0x10C4, 0x18E4, 0x18E4, 0x1905, 0x1905, 0x1925, 0x2125, 0x2146, 0x2166, 0x2967, 0x2987, 0x2987,
  0x29A7, 0x29A8, 0x31C8, 0x3A09, 0x3A0A, 0x3A2A, 0x3A2A, 0x3A2A, 0x3A4A, 0x426B, 0x426B, 0x428C,
  0x42AC, 0x42CD, 0x42EE, 0x4B0F, 0x4B2F, 0x4B50, 0x4B70, 0x4B91, 0x4BB2, 0x4BF3, 0x4C34, 0x5476,
  0x54B7, 0x5519, 0x657A, 0x6DDC, 0x6E1D, 0x6E1D, 0x357D, 0x045C, 0x2D3D, 0xEFDF, 0xFFFF, 0xFFFF,
  0xFFFF, 0xFFFF, 0xFFFF, 0xFFFF, 0xFFFF, 0xFFFF, 0xFFFF, 0xFFFF, 0xD77F, 0x8E9E, 0x3D7D, 0x1CDC,
  0x0C9B, 0x24BB, 0x34DA, 0x44B8, 0x4477, 0x4C55, 0x4C14, 0x4BD3, 0x4B91, 0x4370, 0x4330, 0x430F,
  0x42EE, 0x42CD, 0x42AD, 0x428C, 0x428C, 0x3A6B, 0x3A4B, 0x3A2B, 0x3A2A, 0x3A4B, 0x3A4A, 0x3A2A,
  0x3A0A, 0x3A09, 0x31E9, 0x31C8, 0x29A8, 0x2987, 0x2967, 0x2166, 0x2146, 0x2146, 0x2126, 0x2125,
  0x1905, 0x1904, 0x1905, 0x18E4, 0x10C4, 0x10C3, 0x10C3, 0x10A3, 0x10A3, 0x10A3, 0x1083, 0x0882,
  0x0862, 0x0882, 0x0862, 0x0862, 0x0861, 0x0841, 0x0841, 0x0841, 0x10C3, 0x10C4, 0x18C4, 0x18E4,
  0x18E4, 0x1905, 0x1925, 0x2125, 0x2125, 0x2146, 0x2966, 0x2987, 0x2987, 0x29A7, 0x29A7, 0x31C8,
  0x2987, 0x2125, 0x2146, 0x31A7, 0x3A09, 0x426B, 0x428B, 0x428C, 0x426B, 0x428C, 0x42AC, 0x42CD,
  0x42EE, 0x4B0E, 0x4B2F, 0x4B2F, 0x4B50, 0x4B91, 0x4BB2, 0x4BF3, 0x4C34, 0x5476, 0x54D7, 0x5D19,
  0x4D5B, 0x2CFB, 0x0C9C, 0x049C, 0x2D1C, 0x7E3E, 0xD77F, 0xFFFF, 0xFFFF, 0xFFFF, 0xFFFF, 0xFFFF,
  0xFFFF, 0xFFFF, 0xFFFF, 0xFFFF, 0xFFFF, 0xFFFF, 0xFFFF, 0xFFFF, 0xFFFF, 0xD77F, 0x8E5E, 0x351C,
  0x043A, 0x2479, 0x4476, 0x4C35, 0x4BF4, 0x4BB2, 0x4391, 0x4350, 0x432F, 0x430F, 0x42EE, 0x42CD,
  0x42AD, 0x428C, 0x428C, 0x3A6B, 0x3A4B, 0x426C, 0x426B, 0x3A09, 0x2987, 0x2125, 0x10C3, 0x10A3,
  0x1905, 0x31A8, 0x31C8, 0x2987, 0x2967, 0x2166, 0x2146, 0x2146, 0x2126, 0x2125, 0x1905, 0x1904,
  0x1905, 0x18E4, 0x10C4, 0x10C4, 0x10C3, 0x10A3, 0x10A3, 0x10A3, 0x1083, 0x0882, 0x0862, 0x0882,
  0x0862, 0x0862, 0x0841, 0x0841, 0x0841, 0x0841, 0x10C3, 0x10C4, 0x18C4, 0x18E4, 0x18E4, 0x1905,
  0x1925, 0x2125, 0x2145, 0x2146, 0x2967, 0x2987, 0x2987, 0x2987, 0x31C8, 0x18E4, 0x0000, 0x0000,
  0x0000, 0x0000, 0x0000, 0x0862, 0x2966, 0x3A09, 0x4A8C, 0x4ACD, 0x4AAD, 0x42AD, 0x42CD, 0x4B0E,
  0x4B0E, 0x4B2F, 0x4B50, 0x4B71, 0x4BB2, 0x4BD3, 0x4C14, 0x4C77, 0x3499, 0x1C9A, 0x0CBB, 0x351C,
  0x7E1E, 0xCF5F, 0xFFFF, 0xFFFF, 0xFFFF, 0xFFFF, 0xFFFF, 0xFFFF, 0xFFFF, 0xFFFF, 0xFFFF, 0xFFFF,
  0xFFFF, 0xFFFF, 0xB6FF, 0x8E7E, 0x763E, 0x55BD, 0x2D1D, 0x1CDC, 0x14BC, 0x1C9B, 0x3CB9, 0x4CB7,
  0x4C76, 0x4C35, 0x4BF3, 0x4BB2, 0x4371, 0x4330, 0x430F, 0x42EE, 0x42CD, 0x42AD, 0x428C, 0x428C,
  0x42AC, 0x428C, 0x3A2A, 0x2987, 0x10A3, 0x0000, 0x0000, 0x0000, 0x0000, 0x0000, 0x0000, 0x0020,
  0x2146, 0x29A8, 0x2967, 0x2966, 0x2146, 0x2146, 0x2146, 0x2125, 0x1905, 0x1905, 0x1905, 0x18E4,
  0x18E4, 0x10C4, 0x10C3, 0x10A3, 0x10A3, 0x10A3, 0x10A3, 0x0882, 0x0882, 0x0882, 0x0862, 0x0862,
  0x0841, 0x0841, 0x0841, 0x0841, 0x10C3, 0x10C4, 0x18E4, 0x18E4, 0x18E4, 0x1905, 0x1925, 0x2125,
  0x2126, 0x2146, 0x2967, 0x2987, 0x2987, 0x31C8, 0x2146, 0x0000, 0x10C3, 0xAD55, 0xC618, 0x8410,
  0x3A08, 0x0020, 0x0000, 0x0000, 0x0862, 0x2987, 0x426B, 0x4AED, 0x4B0E, 0x4AEE, 0x4B0E, 0x4B2F,
  0x4B2F, 0x4B70, 0x4B91, 0x4BD2, 0x4C14, 0x2417, 0x041A, 0x045B, 0x55BD, 0xB71F, 0xF7DF, 0xFFFF,
  0xFFFF, 0xFFFF, 0xFFFF, 0xFFFF, 0xFFFF, 0xFFFF, 0xFFFF, 0xFFFF, 0xFFFF, 0xFFFF, 0xFFFF, 0xFFFF,
  0x969E, 0x043C, 0x047C, 0x049C, 0x1CDC, 0x351B, 0x4D3B, 0x5D3A, 0x54F8, 0x4C96, 0x4C35, 0x4C14,
  0x4BD3, 0x4391, 0x4350, 0x432F, 0x430E, 0x42EE, 0x42AD, 0x42AC, 0x4AAD, 0x428C, 0x3209, 0x1905,
  0x0020, 0x0000, 0x0000, 0x10A2, 0x52AA, 0x8C72, 0xC639, 0xE73D, 0x8C92, 0x0041, 0x0041, 0x2987,
  0x2987, 0x2967, 0x2166, 0x2146, 0x2146, 0x2125, 0x1905, 0x1905, 0x1905, 0x18E4, 0x10E4, 0x10C4,
  0x10C3, 0x10A3, 0x10A3, 0x10A3, 0x10A3, 0x0882, 0x0862, 0x0882, 0x0862, 0x0862, 0x0861, 0x0841,
  0x0841, 0x0841, 0x10C3, 0x10C3, 0x18C4, 0x18E4, 0x18E4, 0x1905, 0x1905, 0x2125, 0x2125, 0x2146,
  0x2966, 0x2987, 0x31A8, 0x31C9, 0x0862, 0x0000, 0xAD76, 0xFFFF, 0xEF7D, 0xFFFF, 0xFFFF, 0xEF7E,
  0x9CF4, 0x4208, 0x0000, 0x0000, 0x0000, 0x1905, 0x3A4B, 0x532F, 0x4B0E, 0x4AEE, 0x4B0F, 0x4B50,
  0x4B71, 0x4BB2, 0x4BF4, 0x4436, 0x3458, 0x245A, 0x0C5B, 0x047C, 0x049C, 0x1CDD, 0x355D, 0x457D,
  0x3D3D, 0xDF7F, 0xFFFF, 0xB71F, 0xFFFF, 0xFFFF, 0xE7BF, 0x865E, 0xEFBF, 0xFFFF, 0xFFFF, 0x3D7D,
  0x047C, 0x5DBC, 0x6DDC, 0x659A, 0x5D39, 0x54D8, 0x4C97, 0x4C55, 0x4C14, 0x4BD3, 0x4392, 0x4350,
  0x432F, 0x430E, 0x42EE, 0x42CD, 0x4ACD, 0x42AD, 0x31C8, 0x10A3, 0x0000, 0x0000, 0x0020, 0x4A49,
  0xA534, 0xF7BF, 0xFFFF, 0xFFFF, 0xEF7D, 0xDEDB, 0xFFFF, 0x6B6E, 0x0000, 0x18E4, 0x2987, 0x2966,
  0x2166, 0x2146, 0x2146, 0x2125, 0x1905, 0x1905, 0x1905, 0x18E4, 0x10C4, 0x10C3, 0x10C3, 0x10A3,
  0x10A3, 0x10A3, 0x1083, 0x0882, 0x0862, 0x0882, 0x0862, 0x0862, 0x0841, 0x0841, 0x0841, 0x0841,
  0x10C3, 0x10C4, 0x18C4, 0x18E4, 0x18E4, 0x1905, 0x1905, 0x2125, 0x2125, 0x2146, 0x2966, 0x2987,
  0x31A8, 0x2987, 0x0000, 0x18E4, 0xF7DF, 0x5AEC, 0x0020, 0x2145, 0x632D, 0xBDF8, 0xFFFF, 0xFFFF,
  0xD6BB, 0x6B6E, 0x0861, 0x0000, 0x0000, 0x1905, 0x3A4B, 0x4B0F, 0x4B0F, 0x430F, 0x4B50, 0x4B71,
  0x4BD3, 0x4C15, 0x4C76, 0x4CB8, 0x4CF9, 0x44FA, 0x351B, 0x1CDC, 0x0CBC, 0x043C, 0x3D3D, 0xFFFF,
  0xBF1F, 0x045C, 0x9EBE, 0xFFFF, 0xAEDE, 0x043C, 0x1CFD, 0x9EBE, 0xFFFF, 0xD77F, 0x045C, 0x2CDB,
  0x5D7B, 0x5519, 0x54D8, 0x4C97, 0x4C56, 0x4C14, 0x43D3, 0x43B2, 0x4371, 0x4330, 0x430F, 0x42EE,
  0x42CE, 0x4ACE, 0x31E9, 0x10A3, 0x0000, 0x0000, 0x10A2, 0x738E, 0xD6BB, 0xFFFF, 0xFFFF, 0xCE79,
  0x73AE, 0x31A7, 0x0841, 0x0000, 0xAD76, 0xBE39, 0x0000, 0x0841, 0x2987, 0x2967, 0x2166, 0x2146,
  0x2146, 0x2125, 0x1905, 0x1905, 0x1905, 0x18E4, 0x18C4, 0x10C4, 0x10C3, 0x10A3, 0x10A3, 0x10A3,
  0x10A3, 0x0882, 0x0882, 0x0882, 0x0862, 0x0862, 0x0861, 0x0841, 0x0841, 0x0841, 0x10C3, 0x10C4,
  0x18C4, 0x18E4, 0x18E4, 0x1905, 0x1905, 0x2125, 0x2125, 0x2146, 0x2166, 0x2967, 0x31A8, 0x1905,
  0x0000, 0x5AEC, 0xCEBB, 0x0000, 0x0000, 0x0000, 0x0000, 0x0000, 0x2945, 0x8431, 0xEF5D, 0xFFFF,
  0xE73C, 0x6B4D, 0x0041, 0x0000, 0x0000, 0x2125, 0x42AC, 0x4B2F, 0x430F, 0x4350, 0x4392, 0x43D3,
  0x43F4, 0x4C56, 0x4C97, 0x54F9, 0x5D5A, 0x659C, 0x557C, 0x043B, 0xC73F, 0xA6BE, 0x0C5C, 0x045C,
  0x1CBC, 0xF7DF, 0x65BD, 0x043B, 0x0CBC, 0x045C, 0x455D, 0xD77F, 0x5DDD, 0x03FA, 0x3CFA, 0x4CD8,
  0x4C77, 0x4C56, 0x4415, 0x43D3, 0x4392, 0x4371, 0x4350, 0x430F, 0x42EE, 0x4B0E, 0x3A4B, 0x10E4,
  0x0000, 0x0000, 0x1082, 0x73CF, 0xE75D, 0xFFFF, 0xF7BE, 0x94D3, 0x31A7, 0x0000, 0x0000, 0x0000,
  0x0000, 0x0000, 0x4A6A, 0xE77E, 0x1082, 0x0000, 0x2146, 0x2987, 0x2146, 0x2146, 0x2146, 0x2125,
  0x2105, 0x1905, 0x1904, 0x18E4, 0x18C4, 0x10C4, 0x10C3, 0x10A3, 0x10A3, 0x10A3, 0x10A3, 0x0882,
  0x0882, 0x0882, 0x0862, 0x0862, 0x0861, 0x0841, 0x0841, 0x0841, 0x10C3, 0x10C3, 0x10C4, 0x18C4,
  0x18E4, 0x1904, 0x1905, 0x1905, 0x2125, 0x2125, 0x2146, 0x2946, 0x31A8, 0x10A3, 0x0000, 0x8472,
  0x8CB3, 0x0000, 0x0000, 0x3907, 0x20A4, 0x0000, 0x0000, 0x0000, 0x1082, 0x738E, 0xEF5D, 0xFFFF,
  0xD69A, 0x4A6A, 0x0000, 0x0000, 0x0041, 0x21A7, 0x42EE, 0x4330, 0x4350, 0x4371, 0x43B3, 0x43F4,
  0x4435, 0x4477, 0x4CB8, 0x551A, 0x247A, 0x34FC, 0x7E1E, 0x041B, 0x0C7B, 0x3D3C, 0x0C5C, 0x6DDE,
  0x34FD, 0x043C, 0x24DC, 0x24DC, 0x041A, 0x045B, 0x24DC, 0x041B, 0x1419, 0x4477, 0x4435, 0x4414,
  0x43D3, 0x4392, 0x4351, 0x4330, 0x3B0F, 0x42EE, 0x42CE, 0x2187, 0x0021, 0x0000, 0x0000, 0x52AA,
  0xDEFC, 0xFFFF, 0xEF7E, 0x8410, 0x18E3, 0x0000, 0x0000, 0x0000, 0x0000, 0x1042, 0x0821, 0x0000,
  0x18C3, 0xD73D, 0x31C7, 0x0000, 0x1904, 0x2987, 0x2146, 0x2146, 0x2126, 0x2125, 0x1905, 0x1905,
  0x1904, 0x18E4, 0x18C4, 0x10C4, 0x10C3, 0x10A3, 0x10A3, 0x10A3, 0x10A3, 0x0882, 0x0882, 0x0882,
  0x0862, 0x0862, 0x0861, 0x0841, 0x0841, 0x0841, 0x10A3, 0x10C3, 0x10C3, 0x10C4, 0x18E4, 0x18E4,
  0x18E4, 0x1905, 0x1905, 0x2125, 0x2126, 0x2146, 0x2166, 0x0861, 0x0000, 0x9D56, 0x5AEC, 0x0000,
  0x2084, 0xFB39, 0xEAF7, 0x89EF, 0x1883, 0x0000, 0x0000, 0x0000, 0x1082, 0x7BF0, 0xF7DF, 0xFFFF,
  0xA555, 0x2104, 0x0000, 0x0000, 0x10C3, 0x3A8C, 0x4350, 0x3B30, 0x3B51, 0x4392, 0x43D4, 0x4415,
  0x4456, 0x4498, 0x1419, 0x147B, 0x03FB, 0x141A, 0x34DB, 0x451B, 0x1333, 0x018D, 0x014B, 0x022F,
  0x1396, 0x34BA, 0x3C98, 0x2C59, 0x1439, 0x0C19, 0x0BD9, 0x3416, 0x43F4, 0x3BB3, 0x3B72, 0x3B50,
  0x3B0F, 0x3AEE, 0x3AEF, 0x324C, 0x10A3, 0x0000, 0x0000, 0x18C3, 0x9D14, 0xFFFF, 0xFFFF, 0x94B3,
  0x18E3, 0x0000, 0x0000, 0x0000, 0x0000, 0x2084, 0x81AE, 0xE2D7, 0xA210, 0x0000, 0x0000, 0xADB7,
  0x5B2D, 0x0000, 0x10A3, 0x2967, 0x2146, 0x2146, 0x2125, 0x2125, 0x1905, 0x18E4, 0x18E4, 0x18E4,
  0x10C4, 0x10C3, 0x10A3, 0x10A3, 0x10A3, 0x10A3, 0x1083, 0x0882, 0x0882, 0x0882, 0x0882, 0x0862,
  0x0861, 0x0841, 0x0841, 0x0841, 0x10A3, 0x10A3, 0x10C3, 0x10C3, 0x18C4, 0x18E4, 0x18E4, 0x18E4,
  0x1905, 0x1905, 0x2125, 0x2146, 0x2146, 0x0000, 0x0000, 0x9D99, 0x2966, 0x0000, 0x616B, 0xFAF9,
  0xFA97, 0xFAF9, 0xEAF7, 0x71AD, 0x0821, 0x0000, 0x0000, 0x0000, 0x2125, 0xA555, 0xFFFF, 0xDF3D,
  0x52AB, 0x0000, 0x0000, 0x0021, 0x29E9, 0x3B0F, 0x3B10, 0x3B30, 0x3B72, 0x3BB3, 0x3BF4, 0x3416,
  0x0BD8, 0x03D9, 0x2418, 0x3C58, 0x3C37, 0x098A, 0x0022, 0x3A08, 0x426A, 0x10C5, 0x0064, 0x1A8F,
  0x3C36, 0x3BF5, 0x3C15, 0x3BF5, 0x33D4, 0x33B3, 0x3B72, 0x3B51, 0x3B30, 0x3AEF, 0x32CE, 0x3AEE,
  0x21C9, 0x0021, 0x0000, 0x0000, 0x4249, 0xD6FC, 0xFFFF, 0xB5F8, 0x31A7, 0x0000, 0x0000, 0x0020,
  0x0000, 0x2083, 0x99F0, 0xF2F8, 0xFAF9, 0xFAD8, 0xF318, 0x1042, 0x0000, 0x7C11, 0x8493, 0x0000,
  0x0861, 0x2966, 0x2126, 0x2125, 0x2125, 0x1905, 0x1905, 0x18E4, 0x18E4, 0x18E4, 0x10C4, 0x10C3,
  0x10A3, 0x10A3, 0x10A3, 0x10A3, 0x1083, 0x0882, 0x0882, 0x0882, 0x0862, 0x0862, 0x0861, 0x0841,
  0x0841, 0x0841, 0x10A3, 0x10A3, 0x10A3, 0x10C3, 0x18C4, 0x18E4, 0x18E4, 0x18E4, 0x18E4, 0x18E4,
  0x1905, 0x2125, 0x18E5, 0x0000, 0x0883, 0x84F6, 0x10A3, 0x0000, 0x91F0, 0xFAF9, 0xFAB7, 0xFAB7,
  0xFA97, 0xFB1A, 0xCA95, 0x40E7, 0x0000, 0x0000, 0x0000, 0x0000, 0x52CB, 0xD71D, 0xDFBF, 0x73F0,
  0x0000, 0x0000, 0x0000, 0x1126, 0x32AE, 0x32EF, 0x32EF, 0x3331, 0x3372, 0x3373, 0x2B94, 0x2BD5,
  0x33D5, 0x3C16, 0x228E, 0x0001, 0x5BF4, 0x963E, 0x7DBD, 0x5CBA, 0x10E6, 0x0021, 0x2B31, 0x3393,
  0x3372, 0x3372, 0x3372, 0x3331, 0x3310, 0x32EF, 0x32CF, 0x32AE, 0x32AE, 0x1946, 0x0000, 0x0000,
  0x0000, 0x6BAF, 0xDF9F, 0xD73E, 0x632D, 0x0000, 0x0000, 0x0020, 0x0000, 0x0000, 0x698C, 0xEAF7,
  0xFAF9, 0xFA97, 0xFA96, 0xFAB7, 0xFAD9, 0x38C6, 0x0000, 0x52AB, 0x9536, 0x0000, 0x0020, 0x2126,
  0x2126, 0x2125, 0x1905, 0x1905, 0x18E4, 0x18E4, 0x18E4, 0x18C4, 0x10C3, 0x10C3, 0x10A3, 0x10A3,
  0x10A3, 0x10A3, 0x1083, 0x0882, 0x0882, 0x0882, 0x0862, 0x0862, 0x0862, 0x0841, 0x0841, 0x0841,
  0x10A3, 0x10A3, 0x10A3, 0x10A3, 0x10C3, 0x18C4, 0x10C4, 0x18C4, 0x18E4, 0x18E4, 0x18E4, 0x2105,
  0x10A3, 0x0000, 0x1926, 0x6C54, 0x0000, 0x0000, 0xB253, 0xFAF9, 0xFA97, 0xFB18, 0xFB78, 0xFA35,
  0xFAB8, 0xFAF9, 0x89CE, 0x0821, 0x0000, 0x0020, 0x0000, 0x2104, 0x9557, 0xC73F, 0x7453, 0x0861,
  0x0000, 0x0000, 0x0883, 0x324C, 0x32CE, 0x32AE, 0x32F0, 0x32F0, 0x3310, 0x3331, 0x2B31, 0x3373,
  0x1189, 0x0022, 0x3BF8, 0x2BB8, 0x2315, 0x3BD9, 0x21EC, 0x0000, 0x224D, 0x3331, 0x2AF0, 0x3310,
  0x32F0, 0x32CF, 0x32CE, 0x328E, 0x328D, 0x326C, 0x10E4, 0x0000, 0x0000, 0x0041, 0x6C33, 0xC71F,
  0x9557, 0x2124, 0x0000, 0x0000, 0x0000, 0x0000, 0x30C6, 0xC294, 0xFB19, 0xFA97, 0xFA36, 0xFB37,
  0xFAD7, 0xFA96, 0xFAFA, 0x616B, 0x0000, 0x2966, 0x8D17, 0x0041, 0x0000, 0x1905, 0x2126, 0x1905,
  0x18E5, 0x18E4, 0x18E4, 0x18C4, 0x18C4, 0x10C4, 0x10C3, 0x10A3, 0x10A3, 0x10A3, 0x10A3, 0x1083,
  0x1082, 0x0882, 0x0882, 0x0862, 0x0862, 0x0862, 0x0862, 0x0841, 0x0841, 0x0841, 0x10A3, 0x10A3,
  0x10A3, 0x10A3, 0x10A3, 0x10A3, 0x10C3, 0x10C3, 0x18C4, 0x18C4, 0x18C4, 0x1905, 0x0862, 0x0000,
  0x2187, 0x5BB2, 0x0000, 0x0020, 0xC275, 0xFAF9, 0xFA56, 0xFE1C, 0xFFDF, 0xFD7B, 0xFAB7, 0xFA36,
  0xFB19, 0xCA75, 0x2885, 0x0000, 0x0021, 0x0000, 0x0020, 0x5B6F, 0x9E1C, 0x6C75, 0x10A3, 0x0000,
  0x0000, 0x0062, 0x2A0B, 0x2A6D, 0x2A6D, 0x2A6D, 0x2A8E, 0x2AAE, 0x2A8E, 0x2AF0, 0x1188, 0x0000,
  0x08C5, 0x1989, 0x1169, 0x1148, 0x0022, 0x0000, 0x220B, 0x2AAE, 0x2A8E, 0x2A8E, 0x2A8E, 0x2A8D,
  0x2A4C, 0x2A4C, 0x2A4C, 0x08A3, 0x0000, 0x0000, 0x0041, 0x53D2, 0x961C, 0x63B0, 0x0020, 0x0000,
  0x0020, 0x0000, 0x0000, 0x718C, 0xF319, 0xFAF8, 0xFA36, 0xFAD7, 0xFD9B, 0xFFBF, 0xFD9B, 0xFA56,
  0xFB1A, 0x81AE, 0x0000, 0x0841, 0x84F7, 0x10C3, 0x0000, 0x10C4, 0x2125, 0x18E4, 0x18E4, 0x18E4,
  0x18C4, 0x10C4, 0x10C4, 0x10C3, 0x10A3, 0x10A3, 0x10A3, 0x10A3, 0x1083, 0x1083, 0x0882, 0x0882,
  0x0862, 0x0862, 0x0862, 0x0862, 0x0861, 0x0841, 0x0841, 0x0841, 0x1083, 0x1082, 0x1083, 0x10A3,
  0x10A3, 0x10A3, 0x10A3, 0x10A3, 0x10C3, 0x10C4, 0x18C4, 0x18C4, 0x0841, 0x0000, 0x2988, 0x5330,
  0x0000, 0x0842, 0xD297, 0xFA98, 0xFB18, 0xFFBF, 0xFFFF, 0xFFFF, 0xFF5E, 0xFBF9, 0xFA35, 0xFAB8,
  0xF2D8, 0x594A, 0x0000, 0x0000, 0x0000, 0x0000, 0x29E9, 0x6CB7, 0x53F4, 0x08A3, 0x0000, 0x0000,
  0x0021, 0x21CA, 0x2A2C, 0x220B, 0x222C, 0x222C, 0x222B, 0x222C, 0x19C9, 0x0000, 0x0000, 0x0000,
  0x0021, 0x0021, 0x0000, 0x0062, 0x220B, 0x222C, 0x222C, 0x2A4C, 0x2A2C, 0x2A2B, 0x2A0B, 0x2A0B,
  0x08A3, 0x0000, 0x0000, 0x0021, 0x3AEF, 0x5C56, 0x29EA, 0x0000, 0x0000, 0x0000, 0x0000, 0x1022,
  0xAA32, 0xFB1A, 0xFA96, 0xFA76, 0xFC7A, 0xFF9F, 0xFFFF, 0xFFFF, 0xFFBF, 0xFAF8, 0xFAB9, 0xA1F1,
  0x0000, 0x0000, 0x7475, 0x2126, 0x0000, 0x0882, 0x1905, 0x18E4, 0x18E4, 0x18E4, 0x18C4, 0x10C4,
  0x10C3, 0x10A3, 0x10A3, 0x10A3, 0x10A3, 0x1083, 0x1083, 0x1083, 0x1082, 0x0882, 0x0862, 0x0862,
  0x0862, 0x0862, 0x0862, 0x0841, 0x0841, 0x0841, 0x1082, 0x1082, 0x1082, 0x1083, 0x10A3, 0x10A3,
  0x10A3, 0x10A3, 0x10A3, 0x10A3, 0x10C3, 0x10C4, 0x0041, 0x0000, 0x29A8, 0x3A8D, 0x0000, 0x1063,
  0xE2D9, 0xF277, 0xF41A, 0xFFFF, 0xFF7F, 0xFDFC, 0xFFFF, 0xFFFF, 0xFD7B, 0xFA56, 0xFA77, 0xFB1A,
  0x89AE, 0x0000, 0x0000, 0x0000, 0x0000, 0x10E4, 0x4B72, 0x4352, 0x08A3, 0x0000, 0x0000, 0x0041,
  0x21C9, 0x21CA, 0x21CA, 0x21CA, 0x21CA, 0x21CA, 0x21EB, 0x10E5, 0x0000, 0x0000, 0x0000, 0x0000,
  0x0000, 0x1947, 0x21EB, 0x21EA, 0x220B, 0x2A0B, 0x220B, 0x21EA, 0x21EA, 0x0883, 0x0000, 0x0000,
  0x0000, 0x2A4D, 0x4373, 0x1106, 0x0000, 0x0000, 0x0000, 0x0000, 0x1863, 0xCA75, 0xFAF9, 0xFA36,
  0xFAD7, 0xFE7D, 0xFFFF, 0xFF1E, 0xFC5A, 0xFF1E, 0xFFFF, 0xFC39, 0xFA78, 0xBA54, 0x0000, 0x0000,
  0x5B91, 0x29A8, 0x0000, 0x0841, 0x1905, 0x18C4, 0x18C4, 0x18C4, 0x10C4, 0x10C3, 0x10C3, 0x10A3,
  0x10A3, 0x10A3, 0x10A3, 0x10A3, 0x1083, 0x1083, 0x1082, 0x0882, 0x0862, 0x0862, 0x0862, 0x0862,
  0x0862, 0x0841, 0x0841, 0x0841, 0x1082, 0x1082, 0x1082, 0x1082, 0x1083, 0x10A3, 0x1083, 0x1083,
  0x10A3, 0x10A3, 0x10A3, 0x10A3, 0x0020, 0x0000, 0x29C9, 0x29EA, 0x0000, 0x1863, 0xE2FA, 0xE278,
  0xF4FB, 0xFFFF, 0xF59C, 0xEA38, 0xF399, 0xFDFD, 0xFFFF, 0xFEFE, 0xFB18, 0xFA36, 0xFB1A, 0xA211,
  0x0821, 0x0000, 0x0020, 0x0000, 0x0862, 0x328E, 0x32AF, 0x0883, 0x0000, 0x0000, 0x0862, 0x1968,
  0x1988, 0x2188, 0x1968, 0x1927, 0x1947, 0x08A3, 0x0000, 0x0021, 0x0842, 0x0000, 0x0000, 0x0021,
  0x0062, 0x0883, 0x10E4, 0x1926, 0x1947, 0x1968, 0x10E4, 0x0000, 0x0000, 0x0000, 0x19A9, 0x32D0,
  0x08A4, 0x0000, 0x0000, 0x0000, 0x0000, 0x2884, 0xDA97, 0xFAD9, 0xFA16, 0xFBF9, 0xFF9F, 0xFFFF,
  0xF51B, 0xEB19, 0xEA57, 0xF65D, 0xFFFF, 0xF51B, 0xF258, 0xCA96, 0x0000, 0x0000, 0x42AE, 0x320B,
  0x0000, 0x0021, 0x18E4, 0x18C4, 0x18C4, 0x10C4, 0x10C3, 0x10A3, 0x10A3, 0x10A3, 0x10A3, 0x10A3,
  0x1083, 0x1083, 0x1083, 0x1082, 0x0882, 0x0882, 0x0882, 0x0862, 0x0862, 0x0862, 0x0861, 0x0841,
  0x0841, 0x0841, 0x1082, 0x1082, 0x1082, 0x1082, 0x1083, 0x1083, 0x1083, 0x1083, 0x1083, 0x10A3,
  0x10A3, 0x10A3, 0x0000, 0x0000, 0x21A9, 0x2188, 0x0000, 0x1864, 0xD2FB, 0xCA79, 0xED5C, 0xFFFF,
  0xED1C, 0xD2D9, 0xDB3A, 0xE2B8, 0xEBFA, 0xFEFE, 0xFFDF, 0xFC3A, 0xFA16, 0xFAFA, 0xBA54, 0x1042,
  0x0000, 0x0000, 0x0000, 0x0021, 0x21EB, 0x1968, 0x0000, 0x0020, 0x0000, 0x0841, 0x0041, 0x0000,
  0x0000, 0x0000, 0x0000, 0x0000, 0x0000, 0x0021, 0x21AA, 0x10A4, 0x0000, 0x0020, 0x0841, 0x0000,
  0x0000, 0x0000, 0x0000, 0x0000, 0x0000, 0x0000, 0x0000, 0x0000, 0x10E5, 0x0883, 0x0000, 0x0000,
  0x0000, 0x0000, 0x30A5, 0xE2B8, 0xFA98, 0xF216, 0xFD1B, 0xFFFF, 0xF63D, 0xE379, 0xE2D9, 0xE35A,
  0xDAB9, 0xF5DD, 0xFFFF, 0xED7C, 0xEA59, 0xD297, 0x0821, 0x0000, 0x320B, 0x3A4C, 0x0000, 0x0020,
  0x10C4, 0x18C4, 0x10C3, 0x10A3, 0x10A3, 0x10A3, 0x10A3, 0x10A3, 0x10A3, 0x1083, 0x1083, 0x1083,
  0x1083, 0x1082, 0x1082, 0x0882, 0x0862, 0x0862, 0x0862, 0x0862, 0x0861, 0x0841, 0x0841, 0x0841,
  0x0882, 0x1082, 0x1082, 0x1082, 0x1082, 0x1083, 0x1083, 0x1082, 0x1083, 0x1083, 0x1083, 0x1083,
  0x0000, 0x0000, 0x2168, 0x1947, 0x0000, 0x1884, 0xC31B, 0xBA79, 0xE59D, 0xFFFF, 0xD4DC, 0xBABA,
  0xC35B, 0xCB5A, 0xD2DA, 0xDAD9, 0xE51C, 0xFFBF, 0xFD9C, 0xEA37, 0xFADA, 0xC275, 0x1043, 0x0000,
  0x0000, 0x0000, 0x0000, 0x0000, 0x0000, 0x0000, 0x0000, 0x0000, 0x0000, 0x18E3, 0x31C7, 0x4A8A,
  0x632D, 0x1082, 0x0000, 0x0000, 0x21AA, 0x10E5, 0x0000, 0x39E8, 0xCE7A, 0xCE9A, 0xC638, 0xAD76,
  0x8451, 0x632D, 0x39C7, 0x18E3, 0x0000, 0x0000, 0x0000, 0x0000, 0x0000, 0x0020, 0x0000, 0x30A5,
  0xF2FB, 0xFAB9, 0xE236, 0xF5BC, 0xFF9F, 0xDC7B, 0xD2D9, 0xD31A, 0xD33A, 0xD31A, 0xD279, 0xE55C,
  0xFFFF, 0xEDBD, 0xD259, 0xCAD8, 0x1042, 0x0000, 0x29C9, 0x324C, 0x0000, 0x0020, 0x10A3, 0x10C4,
  0x10A3, 0x10A3, 0x10A3, 0x10A3, 0x10A3, 0x10A3, 0x1083, 0x1083, 0x1083, 0x1083, 0x1083, 0x1082,
  0x1082, 0x0882, 0x0862, 0x0862, 0x0862, 0x0862, 0x0862, 0x0861, 0x0841, 0x0841, 0x1082, 0x1082,
  0x1082, 0x1082, 0x1082, 0x1083, 0x1082, 0x0882, 0x1083, 0x1083, 0x1083, 0x0882, 0x0000, 0x0000,
  0x1968, 0x1927, 0x0000, 0x1063, 0xAB1C, 0x9A7A, 0xD59D, 0xFFFF, 0xC4BC, 0xA2BB, 0xB35B, 0xB33B,
  0xBB3B, 0xBB1A, 0xC299, 0xCB3A, 0xE67E, 0xED9C, 0xDA58, 0xFB1D, 0x89F1, 0x0000, 0x0000, 0x0000,
  0x0000, 0x0000, 0x0882, 0x39E8, 0x7BCF, 0xAD76, 0xD6BB, 0xD6BB, 0xCE59, 0xB5B7, 0x73D0, 0x0862,
  0x0000, 0x0000, 0x1947, 0x10C5, 0x0000, 0x0841, 0x2965, 0x4249, 0x6B6E, 0x9CF3, 0xBE18, 0xDEFC,
  0xFFDF, 0xF7DF, 0xD6DB, 0x9CF4, 0x4A8A, 0x10A2, 0x0000, 0x0000, 0x0000, 0x1863, 0x718D, 0xC277,
  0xED5E, 0xD5BE, 0xBAFA, 0xBADA, 0xBB3A, 0xBB1A, 0xBB1A, 0xBB3A, 0xB29A, 0xD53C, 0xFFFF, 0xE5FD,
  0xBA7A, 0xBAB9, 0x1043, 0x0000, 0x2147, 0x322C, 0x0000, 0x0000, 0x1083, 0x10C4, 0x10A3, 0x10A3,
  0x10A3, 0x10A3, 0x10A3, 0x10A3, 0x1083, 0x1083, 0x1083, 0x1083, 0x1083, 0x1082, 0x1082, 0x0882,
  0x0862, 0x0862, 0x0862, 0x0862, 0x0862, 0x0862, 0x0841, 0x0841, 0x1082, 0x1082, 0x1082, 0x1082,
  0x1082, 0x1082, 0x1082, 0x0882, 0x1082, 0x0882, 0x1083, 0x0862, 0x0000, 0x0000, 0x1948, 0x1906,
  0x0000, 0x1043, 0x8AFC, 0x827A, 0xC57D, 0xFFFF, 0xB4DD, 0x8ADB, 0x9B5B, 0x9B3B, 0x9B3B, 0xA33B,
  0xAB3B, 0xAADA, 0xA29A, 0xC43D, 0xBB3A, 0x594C, 0x1042, 0x0000, 0x0000, 0x2945, 0x73AF, 0xC659,
  0xEF7D, 0xEF9E, 0xBE18, 0x8430, 0x4249, 0x2104, 0x0000, 0x0000, 0x0000, 0x0000, 0x0000, 0x0000,
  0x0883, 0x0883, 0x0000, 0x0000, 0x0000, 0x0021, 0x0000, 0x0000, 0x0000, 0x0020, 0x2104, 0x52AB,
  0x9CF4, 0xD6BB, 0xFFFF, 0xF7BE, 0xBDF8, 0x632D, 0x10A3, 0x0000, 0x0000, 0x0842, 0x522D, 0x8AB9,
  0xAB7D, 0x9B5B, 0x9B1A, 0xA31B, 0xA31B, 0xA33B, 0x9A9A, 0xC53D, 0xFFFF, 0xD61D, 0xA2BB, 0xA2D9,
  0x1043, 0x0000, 0x18E5, 0x322C, 0x0000, 0x0000, 0x0882, 0x10A3, 0x10A3, 0x10A3, 0x10A3, 0x10A3,
  0x10A3, 0x1083, 0x1083, 0x1083, 0x1083, 0x1082, 0x1082, 0x1082, 0x0882, 0x0882, 0x0862, 0x0862,
  0x0862, 0x0862, 0x0862, 0x0841, 0x0841, 0x0841, 0x1082, 0x1082, 0x1082, 0x1082, 0x1082, 0x1082,
  0x1082, 0x0882, 0x1082, 0x0882, 0x1083, 0x0862, 0x0000, 0x0000, 0x1947, 0x1906, 0x0000, 0x0843,
  0x731B, 0x6A7B, 0xACFC, 0xFFFF, 0xAD5D, 0x6AFC, 0x7B7C, 0x7B5C, 0x7B5C, 0x835C, 0x833B, 0x8B7D,
  0x935C, 0x59B1, 0x1023, 0x0000, 0x0000, 0x528A, 0xC638, 0xFFFF, 0xFFFF, 0xB5B6, 0x5AEC, 0x10C3,
  0x0000, 0x0000, 0x0000, 0x0000, 0x0000, 0x2147, 0x0841, 0x0000, 0x0000, 0x0000, 0x0001, 0x0000,
  0x0000, 0x0000, 0x426B, 0x3209, 0x0021, 0x0862, 0x0021, 0x0000, 0x0000, 0x0000, 0x0000, 0x0000,
  0x2124, 0x73CF, 0xD69A, 0xFFFF, 0xF7DF, 0x94B3, 0x18E4, 0x0000, 0x0000, 0x0821, 0x49F0, 0x8B5C,
  0x837D, 0x833B, 0x8B3B, 0x8B5B, 0x7ABB, 0xBD9D, 0xFFFF, 0xCDFD, 0x92DB, 0x92D9, 0x0822, 0x0000,
  0x10C4, 0x320C, 0x0000, 0x0000, 0x0862, 0x10A3, 0x1083, 0x10A3, 0x1083, 0x10A3, 0x10A3, 0x1083,
  0x1083, 0x1083, 0x1083, 0x1083, 0x1083, 0x1082, 0x0882, 0x0882, 0x0882, 0x0862, 0x0862, 0x0862,
  0x0862, 0x0861, 0x0841, 0x0841, 0x1082, 0x1082, 0x1082, 0x1082, 0x1082, 0x1082, 0x1082, 0x0882,
  0x0882, 0x0882, 0x1083, 0x0862, 0x0000, 0x0000, 0x1927, 0x1106, 0x0000, 0x0042, 0x5B1A, 0x52BB,
  0x847C, 0xFFFF, 0xB63E, 0x535D, 0x63BD, 0x639D, 0x639C, 0x637C, 0x6BDF, 0x5AF7, 0x18C7, 0x0000,
  0x0020, 0x5ACB, 0xD6DB, 0xFFFF, 0xDEDB, 0x6B4D, 0x1082, 0x0000, 0x0000, 0x0000, 0x0000, 0x0020,
  0x0001, 0x0021, 0x0000, 0x0883, 0x31E9, 0x3A09, 0x2987, 0x2125, 0x2145, 0x2146, 0x4249, 0x5B2D,
  0x3A29, 0x0021, 0x0063, 0x0063, 0x0022, 0x0022, 0x0021, 0x0021, 0x0021, 0x0000, 0x0000, 0x0000,
  0x0000, 0x39C7, 0xAD96, 0xFFFF, 0x2945, 0x09CB, 0x12B1, 0x0083, 0x0000, 0x18A6, 0x52F7, 0x6BDE,
  0x635C, 0x6B9C, 0x5B1C, 0xBDFE, 0xFFFF, 0xBDBD, 0x7AFC, 0x72D9, 0x0001, 0x0000, 0x08A4, 0x320C,
  0x0000, 0x0000, 0x0862, 0x10A3, 0x1083, 0x1083, 0x1083, 0x10A3, 0x1083, 0x1083, 0x1083, 0x1083,
  0x1083, 0x1083, 0x1082, 0x1082, 0x1082, 0x0882, 0x0882, 0x0882, 0x0862, 0x0862, 0x0862, 0x0862,
  0x0861, 0x0841, 0x1082, 0x1082, 0x1082, 0x1082, 0x1083, 0x1083, 0x1082, 0x1082, 0x1082, 0x0882,
  0x1083, 0x0862, 0x0000, 0x0000, 0x1106, 0x1106, 0x0000, 0x0000, 0x42F8, 0x433D, 0x643C, 0xFFFF,
  0xDF5F, 0x43DD, 0x53FD, 0x4BDD, 0x4BDE, 0x541F, 0x2A50, 0x0000, 0x0000, 0x0021, 0x31A7, 0xFFFF,
  0xD69A, 0x52AB, 0x0000, 0x0000, 0x0000, 0x0000, 0x0001, 0x0000, 0x0001, 0x0001, 0x0001, 0x0021,
  0x0022, 0x0021, 0x0042, 0x08A3, 0x29A7, 0x4A8B, 0x52CC, 0x4A8B, 0x2987, 0x0883, 0x0001, 0x0063,
  0x0063, 0x0042, 0x0042, 0x0042, 0x0022, 0x0022, 0x0021, 0x0001, 0x0001, 0x0021, 0x0000, 0x0000,
  0x0000, 0x2125, 0x08A4, 0x1B97, 0x0BB9, 0x0B57, 0x01ED, 0x0000, 0x0000, 0x2A10, 0x4BDE, 0x4BDE,
  0x3B7C, 0xC6BF, 0xFFFF, 0xA53D, 0x631D, 0x62D8, 0x0000, 0x0000, 0x0883, 0x29EB, 0x0000, 0x0000,
  0x0841, 0x10A3, 0x1083, 0x1083, 0x10A3, 0x1083, 0x1083, 0x1083, 0x1083, 0x1083, 0x10A3, 0x1083,
  0x1083, 0x1083, 0x1083, 0x0882, 0x0882, 0x0882, 0x0862, 0x0862, 0x0862, 0x0862, 0x0862, 0x0862,
  0x1082, 0x1082, 0x1082, 0x1083, 0x1083, 0x1083, 0x1082, 0x0882, 0x1082, 0x0882, 0x1083, 0x0862,
  0x0000, 0x0000, 0x10E5, 0x1927, 0x0000, 0x0000, 0x32D5, 0x3BDF, 0x43FC, 0xF7BF, 0xFFFF, 0x5CBE,
  0x3BFE, 0x3C7F, 0x445D, 0x198A, 0x0000, 0x0020, 0x8C92, 0xA535, 0x10A2, 0x5AEC, 0x0020, 0x0000,
  0x0000, 0x0020, 0x0000, 0x0000, 0x0001, 0x0001, 0x0021, 0x0021, 0x0022, 0x0042, 0x0063, 0x0883,
  0x0083, 0x0063, 0x0043, 0x0022, 0x0043, 0x0063, 0x0063, 0x08A4, 0x10C5, 0x08C5, 0x08A4, 0x08A4,
  0x08A4, 0x0063, 0x0042, 0x0042, 0x0042, 0x0021, 0x0021, 0x0001, 0x0001, 0x0000, 0x0000, 0x0000,
  0x10C5, 0x0907, 0x02B2, 0x0399, 0x0399, 0x0315, 0x00E7, 0x0000, 0x1128, 0x339A, 0x343F, 0xD71E,
  0xFFFF, 0x7CDD, 0x4B7E, 0x4AB6, 0x0000, 0x0000, 0x0862, 0x29CA, 0x0000, 0x0000, 0x0841, 0x1083,
  0x1083, 0x1083, 0x1083, 0x1083, 0x10A3, 0x10A3, 0x10A3, 0x10A3, 0x10A3, 0x1083, 0x1083, 0x1083,
  0x1083, 0x1082, 0x0882, 0x0882, 0x0882, 0x0882, 0x0862, 0x0862, 0x0862, 0x0862, 0x1082, 0x1082,
  0x1083, 0x1083, 0x1083, 0x1083, 0x1082, 0x1082, 0x1083, 0x0882, 0x1083, 0x0883, 0x0000, 0x0000,
  0x10C5, 0x1948, 0x0000, 0x0000, 0x1A91, 0x349F, 0x1BDD, 0xCEFF, 0xFFFF, 0x759F, 0x249F, 0x2C39,
  0x08E5, 0x0000, 0x18E4, 0xBDF8, 0xFFFF, 0xBE39, 0x0883, 0x0000, 0x0000, 0x0000, 0x0000, 0x0000,
  0x0000, 0x0000, 0x0000, 0x0021, 0x0022, 0x0042, 0x0063, 0x0883, 0x08A4, 0x08A4, 0x08C5, 0x10E5,
  0x1126, 0x1947, 0x1967, 0x1947, 0x1927, 0x1126, 0x10E6, 0x10E6, 0x10E5, 0x10E5, 0x10E5, 0x0083,
  0x0063, 0x0063, 0x0043, 0x0042, 0x0022, 0x0021, 0x0001, 0x0000, 0x0000, 0x0883, 0x10E5, 0x0000,
  0x0000, 0x01AC, 0x0378, 0x03DA, 0x03BA, 0x01CC, 0x0000, 0x0042, 0x3375, 0xFFFF, 0xF7DF, 0x4C9E,
  0x3C3F, 0x2AB4, 0x0000, 0x0000, 0x0862, 0x29CA, 0x0000, 0x0000, 0x0841, 0x10A3, 0x1083, 0x1083,
  0x10A3, 0x10A3, 0x10A3, 0x10A3, 0x10A3, 0x10A3, 0x10A3, 0x10A3, 0x10A3, 0x10A3, 0x10A3, 0x1083,
  0x1082, 0x0882, 0x0882, 0x0882, 0x0862, 0x0862, 0x0862, 0x0862, 0x1083, 0x10A3, 0x1083, 0x1083,
  0x1083, 0x10A3, 0x1083, 0x1083, 0x1083, 0x0883, 0x1083, 0x0883, 0x0000, 0x0000, 0x08A4, 0x1968,
  0x0000, 0x0000, 0x09CC, 0x2CFF, 0x141E, 0x8E1F, 0xFFFF, 0xA71F, 0x1419, 0x0882, 0x0000, 0x3A08,
  0xE71C, 0xFFFF, 0x8451, 0x0862, 0x29CA, 0x0020, 0x0000, 0x0000, 0x0000, 0x0000, 0x0000, 0x0041,
  0x2188, 0x0021, 0x0042, 0x0063, 0x0083, 0x08A4, 0x08C5, 0x10E5, 0x1126, 0x1947, 0x2188, 0x29C9,
  0x29C9, 0x21C9, 0x21C9, 0x2188, 0x2188, 0x1947, 0x1106, 0x10E5, 0x08C5, 0x08A4, 0x0884, 0x0083,
  0x0063, 0x0042, 0x0042, 0x0042, 0x0021, 0x0000, 0x0000, 0x1948, 0x0021, 0x0000, 0x0000, 0x0000,
  0x0107, 0x0357, 0x03FA, 0x043C, 0x0291, 0x0000, 0x0820, 0xAD75, 0xDFBF, 0x141E, 0x2CDF, 0x1A30,
  0x0000, 0x0000, 0x0862, 0x21AA, 0x0000, 0x0000, 0x0841, 0x10A3, 0x1083, 0x1083, 0x10A3, 0x10A3,
  0x10A3, 0x10A3, 0x10A3, 0x10A3, 0x10A3, 0x10A3, 0x10A3, 0x10A3, 0x10A3, 0x1083, 0x1083, 0x1082,
  0x0882, 0x0882, 0x0862, 0x0862, 0x0862, 0x0862, 0x10A3, 0x10A3, 0x10A3, 0x10A3, 0x1083, 0x10A3,
  0x1083, 0x1083, 0x1083, 0x1083, 0x1083, 0x0883, 0x0000, 0x0000, 0x0863, 0x1989, 0x0000, 0x0000,
  0x00C5, 0x1CDF, 0x149F, 0x34DE, 0xFFFF, 0xA619, 0x0062, 0x0000, 0x52AB, 0xFFDF, 0xFFDF, 0x52CB,
  0x0000, 0x0000, 0x2147, 0x18E5, 0x0000, 0x0000, 0x0000, 0x0000, 0x0001, 0x0021, 0x10E5, 0x0042,
  0x0883, 0x10C5, 0x0884, 0x08C5, 0x1106, 0x1947, 0x2188, 0x320A, 0x3A6C, 0x42CD, 0x4B2F, 0x42CD,
  0x3A8C, 0x324B, 0x322B, 0x21A9, 0x1968, 0x1927, 0x10E5, 0x08C5, 0x08A4, 0x0884, 0x0083, 0x0063,
  0x0063, 0x0042, 0x0000, 0x0000, 0x10E5, 0x10E5, 0x0000, 0x0000, 0x0000, 0x0000, 0x0000, 0x0083,
  0x0335, 0x041B, 0x043C, 0x02D3, 0x0000, 0x0840, 0x5455, 0x14FF, 0x1CDF, 0x098A, 0x0000, 0x0000,
  0x0862, 0x2189, 0x0000, 0x0000, 0x0841, 0x10A3, 0x1083, 0x1083, 0x10A3, 0x10A3, 0x10A3, 0x10A3,
  0x10A3, 0x10A3, 0x10A3, 0x10A3, 0x10A3, 0x10A3, 0x10A3, 0x10A3, 0x1083, 0x1083, 0x1082, 0x0882,
  0x0882, 0x0882, 0x0862, 0x0862, 0x10A3, 0x10A3, 0x10A3, 0x10A3, 0x10A3, 0x10A3, 0x10A3, 0x1083,
  0x1083, 0x1083, 0x1083, 0x1083, 0x0000, 0x0000, 0x0021, 0x2189, 0x0000, 0x0000, 0x0000, 0x145A,
  0x1CFF, 0x0CDF, 0x759A, 0x18C3, 0x0000, 0x5B0C, 0xFFFF, 0xE73C, 0x31C7, 0x0000, 0x0020, 0x0000,
  0x0020, 0x2189, 0x0000, 0x0000, 0x0000, 0x0001, 0x0021, 0x0022, 0x0001, 0x10E5, 0x1105, 0x10E5,
  0x08A4, 0x1106, 0x1947, 0x29EA, 0x3A6C, 0x4B0F, 0x5B91, 0x7C74, 0x7C94, 0x63F2, 0x5B70, 0x4B0E,
  0x42AD, 0x2A0A, 0x29EA, 0x1968, 0x1126, 0x10E6, 0x08C5, 0x08A4, 0x0884, 0x0884, 0x0884, 0x0000,
  0x0000, 0x0041, 0x1948, 0x0000, 0x0000, 0x0000, 0x0000, 0x0000, 0x0000, 0x0000, 0x0001, 0x02F3,
  0x043C, 0x045D, 0x02D3, 0x0000, 0x0001, 0x13D6, 0x1D7F, 0x00A4, 0x0000, 0x0000, 0x0883, 0x2169,
  0x0000, 0x0000, 0x0841, 0x10A3, 0x10A3, 0x10A3, 0x10A3, 0x10A3, 0x10C3, 0x10C3, 0x10C3, 0x10C3,
  0x10C3, 0x10C3, 0x10A3, 0x10A3, 0x10A3, 0x10A3, 0x10A3, 0x10A3, 0x1083, 0x1082, 0x0882, 0x0882,
  0x0882, 0x0862, 0x10A3, 0x10A3, 0x10A3, 0x10A3, 0x10A3, 0x10A3, 0x10A3, 0x10A3, 0x10A3, 0x1083,
  0x1083, 0x1083, 0x0000, 0x0000, 0x0000, 0x21AA, 0x0021, 0x0000, 0x0000, 0x0AF1, 0x1DBF, 0x14DB,
  0x0084, 0x0000, 0x426A, 0xFFFF, 0xDF1C, 0x2966, 0x0000, 0x0020, 0x0000, 0x0000, 0x0000, 0x10E5,
  0x1906, 0x0000, 0x0000, 0x0021, 0x0042, 0x0042, 0x0063, 0x0063, 0x0083, 0x0884, 0x10E5, 0x1126,
  0x2188, 0x324B, 0x532F, 0x6C33, 0xC69B, 0xEF9E, 0xE75D, 0xC67B, 0x7C95, 0x6BF2, 0x5B91, 0x42AD,
  0x322B, 0x21A9, 0x1947, 0x1127, 0x1106, 0x10E5, 0x08C5, 0x08C5, 0x0062, 0x0000, 0x0000, 0x1927,
  0x0863, 0x0001, 0x0001, 0x0021, 0x0001, 0x0000, 0x00A4, 0x1AAC, 0x00A3, 0x0000, 0x02D3, 0x047D,
  0x049E, 0x02B1, 0x0000, 0x0063, 0x1B94, 0x0021, 0x0000, 0x0000, 0x10C5, 0x1968, 0x0000, 0x0000,
  0x0842, 0x10A3, 0x10A3, 0x10A3, 0x10A3, 0x10C4, 0x10C4, 0x10C4, 0x10C4, 0x10C4, 0x10C4, 0x10C4,
  0x10C3, 0x10C3, 0x10C3, 0x10A3, 0x10A3, 0x10A3, 0x10A3, 0x1083, 0x1082, 0x0882, 0x0882, 0x0882,
  0x10C3, 0x10A3, 0x10A3, 0x10A3, 0x10A3, 0x10A3, 0x10A3, 0x10A3, 0x10A3, 0x10A3, 0x10A3, 0x10A3,
  0x0021, 0x0000, 0x0000, 0x2189, 0x0863, 0x0000, 0x0000, 0x00E5, 0x155D, 0x0967, 0x0000, 0x2986,
  0xF79E, 0xEF7E, 0x2966, 0x0000, 0x0000, 0x0000, 0x0000, 0x0000, 0x0000, 0x0000, 0x29A9, 0x0883,
  0x0000, 0x0021, 0x0042, 0x0063, 0x0063, 0x0884, 0x08A4, 0x08C5, 0x1106, 0x1967, 0x29EA, 0x4B0E,
  0x5BB1, 0xB63A, 0xFFFF, 0xFFFF, 0xFFFF, 0xFFFF, 0xCEDC, 0x7C94, 0x6C12, 0x5B91, 0x42AD, 0x29EA,
  0x2188, 0x1967, 0x1927, 0x1106, 0x1106, 0x10E5, 0x0000, 0x0000, 0x0883, 0x1927, 0x0001, 0x0022,
  0x0022, 0x0043, 0x0000, 0x00A4, 0x4DDC, 0x77BF, 0x4DFA, 0x0083, 0x0000, 0x0314, 0x049D, 0x049E,
  0x020D, 0x0000, 0x0000, 0x0000, 0x0000, 0x0000, 0x1106, 0x1968, 0x0000, 0x0000, 0x0862, 0x10A4,
  0x10A3, 0x10C4, 0x10C4, 0x10C4, 0x10C4, 0x18C4, 0x18C4, 0x18E4, 0x18E4, 0x10C4, 0x10C4, 0x10C4,
  0x10C4, 0x10C3, 0x10C3, 0x10A3, 0x10A3, 0x10A3, 0x10A3, 0x1082, 0x0882, 0x0882, 0x10A3, 0x10A3,
  0x10C3, 0x10C3, 0x10C3, 0x10C3, 0x10A3, 0x10A3, 0x10A3, 0x10A3, 0x10A3, 0x10A3, 0x0041, 0x0000,
  0x0000, 0x1947, 0x10E5, 0x0000, 0x0000, 0x0000, 0x0126, 0x0000, 0x0861, 0xCE9A, 0xFFFF, 0x4208,
  0x0000, 0x2371, 0x0AB0, 0x0000, 0x0000, 0x0000, 0x0000, 0x0000, 0x0862, 0x2A0B, 0x0020, 0x0000,
  0x0042, 0x0083, 0x0083, 0x08A4, 0x08C5, 0x10E5, 0x1126, 0x21A8, 0x322B, 0x534F, 0x6C33, 0xEF7D,
  0xFFFF, 0xFFFF, 0xFFFF, 0xFFFF, 0xFFFF, 0x9557, 0x7453, 0x63D2, 0x42EE, 0x324B, 0x29EA, 0x21A9,
  0x1968, 0x1947, 0x1948, 0x0863, 0x0000, 0x0000, 0x1948, 0x0064, 0x0043, 0x0022, 0x0042, 0x0043,
  0x0001, 0x08E5, 0x56BF, 0x66BF, 0x6F9F, 0x2B70, 0x0000, 0x0021, 0x0397, 0x04BE, 0x049D, 0x0107,
  0x0000, 0x0000, 0x0000, 0x0000, 0x1927, 0x1927, 0x0000, 0x0000, 0x0862, 0x10C4, 0x10C4, 0x10C4,
  0x10C4, 0x18E4, 0x18E4, 0x18E4, 0x18E4, 0x18E4, 0x18E4, 0x18E4, 0x18E4, 0x18E4, 0x18E4, 0x10C4,
  0x10C3, 0x10C3, 0x10A3, 0x10A3, 0x10A3, 0x10A3, 0x1083, 0x1082, 0x10C3, 0x10C3, 0x10C3, 0x10C3,
  0x10C4, 0x10C4, 0x10C3, 0x10C3, 0x10C3, 0x10A3, 0x10A3, 0x10A4, 0x0041, 0x0000, 0x0000, 0x10E5,
  0x2189, 0x0000, 0x0000, 0x0000, 0x0000, 0x0000, 0x94B3, 0xFFFF, 0x632D, 0x0000, 0x2C14, 0x469F,
  0x251D, 0x0021, 0x0000, 0x0000, 0x0000, 0x0001, 0x0000, 0x10E5, 0x21A9, 0x0000, 0x0000, 0x0083,
  0x08A4, 0x08A4, 0x08C5, 0x10E6, 0x1947, 0x21A9, 0x324C, 0x4B2F, 0x7474, 0xF7DF, 0xFFFF, 0xFFFF,
  0xFFFF, 0xFFDF, 0xEF9E, 0xADF9, 0x7C95, 0x6BF2, 0x5370, 0x3AAD, 0x322B, 0x29C9, 0x2188, 0x2189,
  0x1947, 0x0021, 0x0000, 0x0883, 0x10E7, 0x0043, 0x0063, 0x0043, 0x0042, 0x0042, 0x0022, 0x0000,
  0x1B50, 0x4E9F, 0x4E9E, 0x1A6B, 0x0000, 0x0000, 0x0083, 0x043A, 0x04DE, 0x03D8, 0x0021, 0x0000,
  0x0000, 0x0000, 0x21A9, 0x10C5, 0x0000, 0x0000, 0x0883, 0x10C4, 0x10C4, 0x10C4, 0x18E4, 0x18E4,
  0x18E4, 0x18E4, 0x18E4, 0x18E4, 0x18E4, 0x18E4, 0x18E4, 0x18E4, 0x18E4, 0x18C4, 0x10C4, 0x10C4,
  0x10C3, 0x10A3, 0x10A3, 0x10A3, 0x10A3, 0x1083, 0x18C4, 0x18C4, 0x18C4, 0x18C4, 0x18C4, 0x18E4,
  0x18C4, 0x18C4, 0x18C4, 0x10C4, 0x10C4, 0x10C4, 0x0862, 0x0000, 0x0000, 0x0862, 0x29EB, 0x0000,
  0x0000, 0x0000, 0x0000, 0x4208, 0xFFFF, 0xA534, 0x0000, 0x1166, 0x463F, 0x35FF, 0x2416, 0x0000,
  0x0000, 0x0000, 0x0000, 0x0000, 0x0001, 0x0000, 0x2189, 0x1105, 0x0000, 0x0021, 0x08A5, 0x08E6,
  0x1106, 0x1947, 0x2188, 0x21A9, 0x21C9, 0x29EA, 0x2188, 0x3A29, 0x4228, 0x2986, 0x18E4, 0x10A3,
  0x10A3, 0x10A3, 0x10A3, 0x10A3, 0x10A3, 0x0882, 0x0041, 0x0000, 0x0000, 0x0000, 0x0000, 0x0000,
  0x0000, 0x0043, 0x0043, 0x0084, 0x0084, 0x0043, 0x0042, 0x0022, 0x0021, 0x0000, 0x0000, 0x08C4,
  0x00A3, 0x0000, 0x0000, 0x0000, 0x0000, 0x0148, 0x04DD, 0x04DF, 0x02B0, 0x0000, 0x0000, 0x0000,
  0x29EB, 0x0862, 0x0000, 0x0000, 0x10A3, 0x18E4, 0x18E4, 0x18E4, 0x1905, 0x1905, 0x1905, 0x1905,
  0x1905, 0x1905, 0x1905, 0x1904, 0x18E4, 0x18E4, 0x18E4, 0x18E4, 0x18E4, 0x18C4, 0x10C4, 0x10C3,
  0x10A3, 0x10A3, 0x10A3, 0x10A3, 0x18E4, 0x18E4, 0x18E4, 0x18E4, 0x18E4, 0x18E4, 0x18E4, 0x18E4,
  0x18E4, 0x18C4, 0x18C4, 0x18C4, 0x10A3, 0x0000, 0x0000, 0x0000, 0x2A0B, 0x0883, 0x0000, 0x0000,
  0x0041, 0xD6BA, 0xE73C, 0x0882, 0x0000, 0x0905, 0x3DDD, 0x2CF9, 0x00A3, 0x0000, 0x0000, 0x0000,
  0x0000, 0x0000, 0x0000, 0x0000, 0x0000, 0x29EB, 0x0862, 0x0000, 0x0021, 0x0042, 0x0021, 0x0001,
  0x0021, 0x0041, 0x18C3, 0x2966, 0x528A, 0x5AEC, 0x6B8E, 0x7BF0, 0x7BF0, 0x8472, 0x8C93, 0x8CB3,
  0x94D3, 0x9CD3, 0x9CF3, 0x9CF3, 0x94D3, 0x8C72, 0x7C10, 0x73F0, 0x6BB0, 0x4AAC, 0x31C8, 0x2146,
  0x0882, 0x0000, 0x0000, 0x0000, 0x0000, 0x0000, 0x0000, 0x0000, 0x0001, 0x0000, 0x0000, 0x0000,
  0x0000, 0x0000, 0x0000, 0x0000, 0x02D0, 0x051F, 0x049D, 0x00E6, 0x0000, 0x0021, 0x322D, 0x0041,
  0x0000, 0x0000, 0x10C4, 0x18E5, 0x18E5, 0x1905, 0x1905, 0x1905, 0x1905, 0x1905, 0x1925, 0x1905,
  0x1905, 0x1905, 0x1905, 0x1905, 0x1905, 0x18E4, 0x18E4, 0x18E4, 0x18C4, 0x10C4, 0x10C3, 0x10A3,
  0x10A3, 0x10A3, 0x18E4, 0x18E4, 0x18E4, 0x18E4, 0x18E4, 0x18E4, 0x18E4, 0x18E4, 0x18E4, 0x18E4,
  0x18E4, 0x18E4, 0x10C4, 0x0000, 0x0000, 0x0000, 0x2189, 0x1927, 0x0000, 0x0000, 0x632D, 0xFFFF,
  0x5ACB, 0x0000, 0x0020, 0x0000, 0x00A3, 0x0021, 0x0000, 0x0000, 0x0000, 0x0000, 0x0000, 0x0001,
  0x0001, 0x0021, 0x0000, 0x0841, 0x0020, 0x0000, 0x0000, 0x0041, 0x1905, 0x31E9, 0x52ED, 0x636E,
  0x6BAF, 0x73D0, 0x634D, 0x52CB, 0x4A6A, 0x4228, 0x31C7, 0x2145, 0x18C3, 0x10A3, 0x0862, 0x0861,
  0x0861, 0x1082, 0x10C3, 0x2105, 0x2966, 0x31A7, 0x3A09, 0x426B, 0x530E, 0x530E, 0x4B0E, 0x42AE,
  0x31EA, 0x1905, 0x0842, 0x0000, 0x0000, 0x0000, 0x0000, 0x0001, 0x0000, 0x0000, 0x0000, 0x0000,
  0x0000, 0x0000, 0x0041, 0x0459, 0x051F, 0x0355, 0x0000, 0x0021, 0x2169, 0x0000, 0x0000, 0x0020,
  0x18E5, 0x1905, 0x1905, 0x1925, 0x2126, 0x2126, 0x2125, 0x2125, 0x2125, 0x2125, 0x2125, 0x2125,
  0x1905, 0x1905, 0x1905, 0x1905, 0x1904, 0x18E4, 0x18E4, 0x18E4, 0x10C4, 0x10C3, 0x10A3, 0x10A3,
  0x1904, 0x1904, 0x1904, 0x1905, 0x1905, 0x1905, 0x1905, 0x1905, 0x1905, 0x18E5, 0x18E5, 0x18E5,
  0x18E5, 0x0041, 0x0000, 0x0000, 0x0883, 0x0862, 0x0000, 0x0841, 0xE71C, 0xCE79, 0x0000, 0x0000,
  0x0000, 0x0000, 0x0000, 0x0000, 0x0000, 0x0000, 0x0000, 0x0000, 0x0001, 0x0000, 0x0000, 0x0000,
  0x0000, 0x0000, 0x10A4, 0x2168, 0x31EB, 0x31EA, 0x29A8, 0x2167, 0x10A3, 0x0020, 0x0000, 0x0000,
  0x0001, 0x0883, 0x1905, 0x2146, 0x2147, 0x2988, 0x10A3, 0x0000, 0x0000, 0x0000, 0x0000, 0x0000,
  0x0000, 0x0000, 0x0000, 0x0000, 0x0000, 0x0000, 0x0000, 0x0000, 0x0000, 0x0862, 0x1906, 0x2168,
  0x21A9, 0x2189, 0x1106, 0x0042, 0x0000, 0x0000, 0x0000, 0x0000, 0x0000, 0x0000, 0x0000, 0x0000,
  0x0000, 0x01CA, 0x051F, 0x04BE, 0x0148, 0x0000, 0x0000, 0x0000, 0x0000, 0x0041, 0x2126, 0x2125,
  0x2126, 0x2146, 0x2146, 0x2146, 0x2146, 0x2146, 0x2146, 0x2146, 0x2146, 0x2146, 0x2125, 0x2125,
  0x2125, 0x1925, 0x1905, 0x1905, 0x18E4, 0x18E4, 0x18E4, 0x10C3, 0x10C3, 0x10A3, 0x1905, 0x1905,
  0x1905, 0x2105, 0x2105, 0x2125, 0x2125, 0x2105, 0x2125, 0x2105, 0x1905, 0x1905, 0x2126, 0x0862,
  0x0000, 0x0000, 0x0000, 0x0000, 0x0000, 0x5AEC, 0xFFFF, 0x52CB, 0x0000, 0x0000, 0x0000, 0x0000,
  0x0000, 0x0000, 0x0000, 0x0000, 0x0000, 0x0000, 0x0000, 0x0000, 0x0000, 0x10A4, 0x2168, 0x29CA,
  0x2168, 0x10C4, 0x0041, 0x0000, 0x0000, 0x0000, 0x0000, 0x0000, 0x0862, 0x426C, 0x52EE, 0x5B2F,
  0x5B2F, 0x530E, 0x52EE, 0x5B2F, 0x2967, 0x0000, 0x0000, 0x0000, 0x0000, 0x0000, 0x0000, 0x0000,
  0x0000, 0x0000, 0x0000, 0x0000, 0x0000, 0x0000, 0x0000, 0x0000, 0x0000, 0x0000, 0x0000, 0x0883,
  0x1947, 0x21AA, 0x1968, 0x0883, 0x0000, 0x0000, 0x0000, 0x0000, 0x0000, 0x0000, 0x0000, 0x0000,
  0x13D6, 0x0D1F, 0x0B34, 0x0000, 0x0000, 0x0000, 0x0000, 0x10A3, 0x2988, 0x2167, 0x2146, 0x2167,
  0x2967, 0x2967, 0x2967, 0x2166, 0x2166, 0x2166, 0x2166, 0x2146, 0x2146, 0x2146, 0x2146, 0x2125,
  0x1925, 0x1905, 0x1905, 0x1904, 0x18E4, 0x10C4, 0x10C4, 0x10C3, 0x2125, 0x2125, 0x2125, 0x2125,
  0x2125, 0x2125, 0x2125, 0x2125, 0x2125, 0x2125, 0x2125, 0x2125, 0x2126, 0x10C4, 0x0000, 0x0000,
  0x0000, 0x0000, 0x0000, 0xC659, 0xE71C, 0x0842, 0x0000, 0x0000, 0x0000, 0x0000, 0x0000, 0x0000,
  0x0000, 0x0000, 0x0000, 0x0000, 0x0021, 0x1106, 0x1948, 0x1106, 0x0863, 0x0000, 0x0000, 0x0000,
  0x0000, 0x0000, 0x0000, 0x0000, 0x0000, 0x0000, 0x10C4, 0x52EE, 0x4A8C, 0x4AAD, 0x4AAD, 0x4AAD,
  0x4ACD, 0x4ACD, 0x0862, 0x0000, 0x0000, 0x0000, 0x0000, 0x0000, 0x0000, 0x0000, 0x0000, 0x0000,
  0x0000, 0x0000, 0x0000, 0x0000, 0x0000, 0x0000, 0x0000, 0x0000, 0x0000, 0x0000, 0x0000, 0x0020,
  0x10E6, 0x21CB, 0x1968, 0x0041, 0x0000, 0x0000, 0x0000, 0x0000, 0x0000, 0x0000, 0x0906, 0x8E3D,
  0xB6BE, 0x1925, 0x0000, 0x0000, 0x0000, 0x0000, 0x18E4, 0x2987, 0x31C8, 0x2987, 0x2987, 0x2987,
  0x2987, 0x2987, 0x2987, 0x2987, 0x2967, 0x2166, 0x2166, 0x2166, 0x2146, 0x2146, 0x2125, 0x2125,
  0x1905, 0x1905, 0x18E4, 0x18E4, 0x10C4, 0x10C4, 0x2125, 0x2145, 0x2125, 0x2145, 0x2146, 0x2146,
  0x2146, 0x2146, 0x2146, 0x2146, 0x2146, 0x2126, 0x2126, 0x2125, 0x0000, 0x0000, 0x0000, 0x0000,
  0x18E3, 0xFFFF, 0x6BAF, 0x0000, 0x0000, 0x0000, 0x0000, 0x0000, 0x0000, 0x0000, 0x0000, 0x0000,
  0x0000, 0x1906, 0x2189, 0x10C4, 0x0000, 0x0000, 0x0000, 0x0000, 0x0000, 0x0000, 0x0000, 0x0000,
  0x0000, 0x0000, 0x0000, 0x0000, 0x1083, 0x52CE, 0x4AAD, 0x4AAD, 0x4AAD, 0x4AAD, 0x530E, 0x2126,
  0x0000, 0x0000, 0x0000, 0x0000, 0x0000, 0x0000, 0x0000, 0x0000, 0x0000, 0x0000, 0x0000, 0x0000,
  0x0000, 0x0000, 0x0000, 0x0000, 0x0000, 0x0000, 0x0000, 0x0000, 0x0000, 0x0000, 0x0000, 0x0021,
  0x1948, 0x29CB, 0x08A4, 0x0000, 0x0000, 0x0000, 0x0000, 0x0000, 0x0000, 0x8CD4, 0xF7FF, 0x6BAF,
  0x0000, 0x0861, 0x10A2, 0x0841, 0x0000, 0x0000, 0x1905, 0x31E9, 0x31C8, 0x31C8, 0x31A8, 0x29A8,
  0x29A8, 0x2987, 0x2987, 0x2987, 0x2967, 0x2967, 0x2166, 0x2146, 0x2146, 0x2125, 0x2125, 0x1905,
  0x1904, 0x18E4, 0x18E4, 0x10C4, 0x2146, 0x2146, 0x2146, 0x2166, 0x2166, 0x2966, 0x2966, 0x2966,
  0x2966, 0x2966, 0x2146, 0x2146, 0x2146, 0x2946, 0x0862, 0x0000, 0x0020, 0x0000, 0x632D, 0xFFDF,
  0x2188, 0x0001, 0x0000, 0x0000, 0x0000, 0x0000, 0x0000, 0x0000, 0x0000, 0x0883, 0x29CA, 0x1948,
  0x0021, 0x0000, 0x0000, 0x0000, 0x0000, 0x0000, 0x0000, 0x0000, 0x0000, 0x0000, 0x0000, 0x0000,
  0x0000, 0x0000, 0x0000, 0x2146, 0x4A8C, 0x4AAD, 0x4A8C, 0x3A0A, 0x10C4, 0x0000, 0x0000, 0x0000,
  0x0000, 0x0000, 0x0000, 0x0000, 0x0000, 0x0000, 0x0000, 0x0000, 0x0000, 0x0000, 0x0000, 0x0000,
  0x0000, 0x0000, 0x0000, 0x0000, 0x0000, 0x0000, 0x0000, 0x0000, 0x0000, 0x0000, 0x0000, 0x10C4,
  0x29EB, 0x1106, 0x0000, 0x0000, 0x0000, 0x0000, 0x0000, 0x2986, 0xFFFF, 0xC639, 0x0000, 0x2986,
  0xFFDF, 0xDF5C, 0x9D34, 0x3186, 0x0000, 0x10C3, 0x3A2A, 0x39E9, 0x31C8, 0x31C8, 0x31C8, 0x29A8,
  0x29A8, 0x29A7, 0x2987, 0x2987, 0x2987, 0x2166, 0x2146, 0x2146, 0x2125, 0x2125, 0x1905, 0x1904,
  0x18E4, 0x18E4, 0x2166, 0x2966, 0x2966, 0x2966, 0x2967, 0x2987, 0x2987, 0x2987, 0x2987, 0x2967,
  0x2967, 0x2967, 0x2966, 0x2967, 0x2125, 0x0000, 0x0000, 0x0000, 0xAD75, 0xCE9B, 0x08A5, 0x0020,
  0x0000, 0x0000, 0x0000, 0x0000, 0x0000, 0x0000, 0x1106, 0x29EB, 0x10C4, 0x0000, 0x0000, 0x0000,
  0x0000, 0x0000, 0x0000, 0x0000, 0x0000, 0x0000, 0x0000, 0x0000, 0x0000, 0x0000, 0x0000, 0x0000,
  0x0000, 0x0000, 0x0000, 0x0841, 0x0021, 0x0000, 0x0000, 0x0000, 0x0000, 0x0000, 0x0000, 0x0000,
  0x0000, 0x0000, 0x0000, 0x0000, 0x0000, 0x0000, 0x0000, 0x0000, 0x0000, 0x0000, 0x0000, 0x00C4,
  0x0167, 0x01A9, 0x0168, 0x0125, 0x0041, 0x0000, 0x0000, 0x0000, 0x0000, 0x0000, 0x0883, 0x29EB,
  0x10C5, 0x0000, 0x0000, 0x0000, 0x0000, 0x0000, 0xC618, 0xF7DF, 0x18E4, 0x0000, 0xAD15, 0xFF1F,
  0xFFFF, 0xF7FF, 0x528A, 0x0000, 0x1905, 0x426B, 0x3A09, 0x31E9, 0x31E9, 0x31E8, 0x31C8, 0x31C8,
  0x29A8, 0x29A7, 0x2987, 0x2987, 0x2166, 0x2166, 0x2146, 0x2125, 0x1925, 0x1905, 0x1904, 0x18E4,
  0x2966, 0x2966, 0x2987, 0x2987, 0x2987, 0x29A7, 0x29A7, 0x31A7, 0x31A7, 0x31A7, 0x31A7, 0x2987,
  0x31A8, 0x31A8, 0x31C8, 0x0841, 0x0000, 0x0020, 0xDF1C, 0x94D4, 0x0085, 0x0000, 0x0000, 0x0000,
  0x0000, 0x0000, 0x0000, 0x1927, 0x29EB, 0x0042, 0x0000, 0x0000, 0x0000, 0x0000, 0x0000, 0x0000,
  0x0000, 0x0000, 0x0000, 0x0000, 0x0000, 0x0000, 0x0000, 0x0000, 0x0000, 0x0000, 0x0000, 0x0000,
  0x0000, 0x0000, 0x0000, 0x0000, 0x0000, 0x0000, 0x0000, 0x0000, 0x0000, 0x0000, 0x0000, 0x0000,
  0x0000, 0x0000, 0x0000, 0x0000, 0x0000, 0x0000, 0x0000, 0x022A, 0x0C96, 0x0D5D, 0x0DFF, 0x0E1F,
  0x0DDF, 0x0D7F, 0x04DA, 0x0351, 0x0062, 0x0000, 0x0000, 0x0000, 0x0000, 0x08A4, 0x2A0C, 0x0883,
  0x0000, 0x0000, 0x0000, 0x0000, 0x632D, 0xFFFF, 0x5ACB, 0x0000, 0x0002, 0x896E, 0xFB17, 0xFDFB,
  0xF7DE, 0x2124, 0x0000, 0x3A09, 0x4ACD, 0x426B, 0x3A2A, 0x3A09, 0x31E9, 0x31E8, 0x31C8, 0x31C8,
  0x29A8, 0x29A7, 0x2987, 0x2167, 0x2166, 0x2146, 0x2125, 0x1925, 0x1905, 0x1904, 0x2987, 0x2987,
  0x29A7, 0x31A7, 0x31A8, 0x31C8, 0x31C8, 0x31C8, 0x31C8, 0x31C8, 0x31C8, 0x39E9, 0x31C8, 0x2146,
  0x10A3, 0x0000, 0x0000, 0x10C3, 0xFFFF, 0x5B2F, 0x0084, 0x0000, 0x0000, 0x0000, 0x0000, 0x0000,
  0x1906, 0x29EB, 0x0021, 0x0000, 0x0000, 0x0000, 0x0000, 0x0000, 0x00C4, 0x01EA, 0x028C, 0x026B,
  0x01C9, 0x0083, 0x0000, 0x0000, 0x0000, 0x0000, 0x0000, 0x0000, 0x0000, 0x0000, 0x0000, 0x0000,
  0x0000, 0x0000, 0x0000, 0x0000, 0x0000, 0x0000, 0x0000, 0x0000, 0x0000, 0x0000, 0x0000, 0x0000,
  0x0000, 0x0000, 0x0000, 0x0082, 0x0C35, 0x0E1F, 0x0E3F, 0x0DDF, 0x055E, 0x051C, 0x0D5E, 0x0DBF,
  0x0DDF, 0x0DBF, 0x0D3B, 0x01E9, 0x0000, 0x0000, 0x0000, 0x0000, 0x1948, 0x21AA, 0x0000, 0x0000,
  0x0000, 0x0000, 0x1904, 0xFFFF, 0x94D3, 0x0000, 0x0843, 0x18A6, 0xDAB4, 0xFA55, 0xFE5D, 0x9D54,
  0x0000, 0x0041, 0x1904, 0x2166, 0x3A2A, 0x428B, 0x3A2A, 0x3A09, 0x31E9, 0x31E8, 0x31C8, 0x29A8,
  0x2987, 0x2987, 0x2167, 0x2146, 0x2146, 0x1925, 0x1925, 0x1905, 0x29A7, 0x31A7, 0x31A8, 0x31C8,
  0x31C8, 0x31E8, 0x31E9, 0x39E9, 0x3A09, 0x3A09, 0x3A2A, 0x2146, 0x0000, 0x0000, 0x0000, 0x0000,
  0x0000, 0x3A08, 0xFFDF, 0x424C, 0x0884, 0x0000, 0x0000, 0x0000, 0x0000, 0x0883, 0x2A0C, 0x0862,
  0x0000, 0x0000, 0x0000, 0x0000, 0x0105, 0x0C14, 0x0D9D, 0x0E3F, 0x0E9F, 0x0E9F, 0x0E1F, 0x0DBD,
  0x0435, 0x0126, 0x0000, 0x0000, 0x0000, 0x0000, 0x0000, 0x0000, 0x0000, 0x0000, 0x0000, 0x0000,
  0x0000, 0x0000, 0x0000, 0x0000, 0x0000, 0x0000, 0x0000, 0x0000, 0x0000, 0x0000, 0x0000, 0x0000,
  0x0062, 0x0CB9, 0x0E5F, 0x0D9F, 0x03B4, 0x01A9, 0x00C4, 0x0082, 0x00C4, 0x01CA, 0x0C16, 0x0DBF,
  0x0D9F, 0x0DFF, 0x02CF, 0x0000, 0x0000, 0x0000, 0x0021, 0x29EC, 0x10E5, 0x0000, 0x0000, 0x0000,
  0x0020, 0xDF1C, 0xC659, 0x0000, 0x0843, 0x08A7, 0x9230, 0xFB58, 0xFB77, 0xEF5D, 0x10A2, 0x18E4,
  0x52AA, 0x18E3, 0x0000, 0x1925, 0x426B, 0x3A4A, 0x3A29, 0x3209, 0x31E9, 0x31C8, 0x29A7, 0x2987,
  0x2987, 0x2166, 0x2146, 0x2125, 0x1925, 0x1925, 0x31A8, 0x31C8, 0x31C8, 0x31E8, 0x39E9, 0x3A09,
  0x3A09, 0x3A2A, 0x424A, 0x426B, 0x10C3, 0x0000, 0x2966, 0x94B2, 0x8430, 0x0000, 0x0000, 0x5ACB,
  0xF79E, 0x320B, 0x0863, 0x0000, 0x0000, 0x0000, 0x0000, 0x21AA, 0x1106, 0x0000, 0x0000, 0x0000,
  0x0000, 0x0A8C, 0x15DD, 0x163F, 0x0E1F, 0x0D3B, 0x0415, 0x03D4, 0x0C77, 0x0D9D, 0x0E7F, 0x0DFF,
  0x024C, 0x0000, 0x0000, 0x0000, 0x0000, 0x0000, 0x0000, 0x0000, 0x0000, 0x0000, 0x0000, 0x0000,
  0x0000, 0x0000, 0x0000, 0x0000, 0x0000, 0x0000, 0x0000, 0x0000, 0x0000, 0x0000, 0x0BF4, 0x0E9F,
  0x0457, 0x0106, 0x1061, 0x0800, 0x0000, 0x0000, 0x0000, 0x0000, 0x0000, 0x028E, 0x0DBE, 0x159F,
  0x163F, 0x0A6C, 0x0000, 0x0000, 0x0000, 0x1927, 0x21CA, 0x0000, 0x0000, 0x0000, 0x0000, 0xB5B6,
  0xE71C, 0x0020, 0x0001, 0x10E8, 0x596C, 0xFBB9, 0xFB17, 0xFF9F, 0x52EB, 0x2146, 0xEFDF, 0xF7DF,
  0x9CF3, 0x0041, 0x18E4, 0x4ACD, 0x3A4A, 0x3A2A, 0x3209, 0x31C8, 0x29A8, 0x29A8, 0x2987, 0x2167,
  0x2166, 0x2146, 0x2125, 0x1925, 0x31C8, 0x31E8, 0x31E9, 0x3A09, 0x3A29, 0x3A2A, 0x424A, 0x424A,
  0x4ACD, 0x2987, 0x0000, 0x73CF, 0xF7FF, 0xFFFF, 0xA4F4, 0x0000, 0x0000, 0x634D, 0xEF9E, 0x29CA,
  0x0042, 0x0000, 0x0000, 0x0000, 0x10C4, 0x29CB, 0x0000, 0x0000, 0x0000, 0x0000, 0x0B50, 0x1E7F,
  0x161F, 0x155B, 0x026C, 0x0042, 0x0000, 0x0000, 0x0000, 0x0062, 0x024C, 0x0D7D, 0x0E7F, 0x028D,
  0x0000, 0x0000, 0x0000, 0x0000, 0x0000, 0x0000, 0x0000, 0x0000, 0x0000, 0x0000, 0x0000, 0x0000,
  0x0000, 0x0000, 0x0000, 0x0000, 0x0000, 0x0000, 0x0000, 0x01EA, 0x0E9F, 0x0C16, 0x0020, 0x7BEF,
  0xE77E, 0xD6DB, 0x39C7, 0x0000, 0x0000, 0x0000, 0x0000, 0x0000, 0x01C9, 0x15FE, 0x15BF, 0x15DE,
  0x00E5, 0x0000, 0x0000, 0x0862, 0x29EC, 0x0883, 0x0000, 0x0020, 0x0000, 0x7BEF, 0xF7DF, 0x0882,
  0x0000, 0x10C7, 0x28C9, 0xE459, 0xFE1C, 0xFFDF, 0x9D76, 0x0000, 0x10C4, 0x39E9, 0xDF3D, 0xADB7,
  0x0000, 0x31E9, 0x4AAC, 0x3A4A, 0x3A0A, 0x31E9, 0x31C8, 0x29C8, 0x29A7, 0x2987, 0x2166, 0x2146,
  0x2145, 0x2125, 0x31E9, 0x3A09, 0x3A09, 0x3A2A, 0x424A, 0x424A, 0x4A8C, 0x5B0E, 0x634F, 0x0021,
  0x3A08, 0xFFFF, 0xFD1A, 0xEBD8, 0x3149, 0x0001, 0x0000, 0x6B6E, 0xF7BF, 0x29EB, 0x0021, 0x0000,
  0x0000, 0x0000, 0x2189, 0x1927, 0x0000, 0x0000, 0x0000, 0x0A4B, 0x1E5F, 0x161F, 0x0CB7, 0x0082,
  0x0000, 0x0000, 0x0000, 0x0000, 0x0000, 0x0020, 0x18A2, 0x0083, 0x0CF9, 0x0E5F, 0x0147, 0x0000,
  0x0000, 0x0000, 0x0000, 0x0000, 0x0000, 0x0000, 0x0000, 0x0000, 0x0000, 0x0000, 0x0000, 0x0000,
  0x0000, 0x0000, 0x0000, 0x0000, 0x0000, 0x0CD9, 0x0D7C, 0x0000, 0x52CB, 0xFFFF, 0xFFFF, 0xFFFF,
  0xC659, 0x0000, 0x0000, 0x0000, 0x0000, 0x0021, 0x0000, 0x0ACE, 0x1E1F, 0x1E1F, 0x1414, 0x0000,
  0x0000, 0x0000, 0x21CB, 0x10C5, 0x0000, 0x0020, 0x0000, 0x4A6A, 0xFFFF, 0x18C3, 0x0000, 0x6370,
  0x6BB2, 0xC5FA, 0xFFFF, 0xFFFF, 0xCF1C, 0x0000, 0x0083, 0x01AA, 0x2B13, 0xE7FF, 0x29A6, 0x0841,
  0x4ACD, 0x3A4B, 0x3A2A, 0x31E9, 0x31C8, 0x29C8, 0x29A7, 0x2987, 0x2166, 0x2146, 0x2146, 0x2125,
  0x3A09, 0x3A09, 0x3A2A, 0x424A, 0x426B, 0x52CC, 0x52CD, 0x31A8, 0x10C4, 0x0000, 0x8CF3, 0xFD7B,
  0xFA35, 0xA231, 0x0046, 0x0843, 0x0000, 0x5B0C, 0xF7BF, 0x322C, 0x0000, 0x0000, 0x0000, 0x0021,
  0x29CB, 0x0883, 0x0000, 0x0000, 0x0083, 0x1DBD, 0x15FF, 0x155B, 0x0062, 0x0000, 0x0021, 0x0000,
  0x0000, 0x0000, 0x2125, 0xC659, 0xEF9E, 0xAD55, 0x1167, 0x0DDD, 0x0CD9, 0x0000, 0x0000, 0x0000,
  0x0000, 0x0000, 0x0000, 0x0000, 0x0000, 0x0000, 0x0000, 0x0000, 0x0000, 0x0000, 0x0000, 0x0000,
  0x0000, 0x0000, 0x00C5, 0x163F, 0x0A2B, 0x0000, 0x7C31, 0xFFFF, 0xF79E, 0xFFDF, 0xDF1C, 0x0021,
  0x0000, 0x0000, 0x0000, 0x0000, 0x0000, 0x0021, 0x1D5B, 0x1E1F, 0x1DFE, 0x00A3, 0x0000, 0x0000,
  0x21AA, 0x1927, 0x0000, 0x0020, 0x0000, 0x31C7, 0xFFFF, 0x18E4, 0x0000, 0x63B1, 0x8496, 0xA537,
  0xFFFF, 0xF7FF, 0xCF9F, 0x10E4, 0x0167, 0x169F, 0x0CBC, 0xAF9F, 0x5BF0, 0x0000, 0x426B, 0x426B,
  0x3A2A, 0x31E9, 0x31C8, 0x29C8, 0x29A8, 0x2987, 0x2167, 0x2146, 0x2146, 0x2145, 0x3A09, 0x3A2A,
  0x424A, 0x426B, 0x52CD, 0x4A8B, 0x0841, 0x4228, 0x8C71, 0x0861, 0xB5F7, 0xFC18, 0xFB18, 0x71AD,
  0x0866, 0x0844, 0x0000, 0x528A, 0xFFFF, 0x320B, 0x0000, 0x0000, 0x0000, 0x0883, 0x29EB, 0x0000,
  0x0000, 0x0000, 0x0B0F, 0x1E5F, 0x1E3F, 0x01EA, 0x0000, 0x0021, 0x0000, 0x0000, 0x0000, 0x0000,
  0x9CF4, 0xFFFF, 0xFFDF, 0xFFFF, 0x8C10, 0x01A9, 0x16BF, 0x0188, 0x0000, 0x0000, 0x0000, 0x0000,
  0x0000, 0x0000, 0x0000, 0x0000, 0x0000, 0x0000, 0x0000, 0x0000, 0x0000, 0x0000, 0x0000, 0x0000,
  0x02AD, 0x0D3B, 0x0000, 0x0000, 0x31C7, 0xFFFF, 0xFFFF, 0xFFFF, 0x8C72, 0x0000, 0x0000, 0x0000,
  0x0000, 0x0000, 0x0000, 0x0000, 0x130F, 0x265F, 0x263F, 0x0A4B, 0x0000, 0x0000, 0x1948, 0x2189,
  0x0000, 0x0000, 0x0000, 0x2145, 0xEF9E, 0x2124, 0x0000, 0x4ACD, 0x7C96, 0x7C34, 0xFFFF, 0xEF9F,
  0xA75F, 0x21C8, 0x0021, 0x15DE, 0x0E3F, 0x6F5F, 0x7D76, 0x0000, 0x320A, 0x428C, 0x322A, 0x31E9,
  0x31C8, 0x29C8, 0x29A8, 0x2987, 0x2167, 0x2146, 0x2146, 0x2145, 0x3A2A, 0x424A, 0x426B, 0x4AAC,
  0x52ED, 0x0020, 0x5B0C, 0xFFFF, 0xDF3D, 0x0882, 0xCEBA, 0xFC39, 0xFB79, 0x598C, 0x10C8, 0x18C6,
  0x0000, 0x39E7, 0xFFFF, 0x31EA, 0x0000, 0x0000, 0x0000, 0x1906, 0x218A, 0x0000, 0x0000, 0x0000,
  0x1C96, 0x265F, 0x1519, 0x0000, 0x0000, 0x0000, 0x0000, 0x0000, 0x0000, 0x0000, 0x9D14, 0xFFFF,
  0xF7DF, 0xFFFF, 0x9D14, 0x0000, 0x0CD8, 0x0BF4, 0x0000, 0x0000, 0x0000, 0x0000, 0x0000, 0x0000,
  0x0000, 0x0000, 0x0000, 0x0000, 0x0000, 0x0000, 0x0000, 0x0000, 0x0000, 0x0000, 0x0B2F, 0x0AEF,
  0x0000, 0x0020, 0x0000, 0x528A, 0x94D3, 0x738E, 0x0021, 0x0000, 0x0000, 0x0000, 0x0000, 0x0000,
  0x0000, 0x0000, 0x0988, 0x2E3F, 0x2E9F, 0x1B70, 0x0000, 0x0000, 0x10E6, 0x21CB, 0x0000, 0x0000,
  0x0000, 0x18E4, 0xE75D, 0x2104, 0x0000, 0x10E7, 0x29EE, 0x4271, 0x9D5F, 0x84BD, 0x6E9F, 0x22AA,
  0x0000, 0x0A6D, 0x0148, 0x4496, 0x763A, 0x0000, 0x29E9, 0x3A6B, 0x3209, 0x31E9, 0x29C8, 0x29C8,
  0x29A7, 0x2987, 0x2167, 0x2146, 0x2146, 0x2145, 0x3A2A, 0x424A, 0x426B, 0x530E, 0x2166, 0x0882,
  0xF7DF, 0x9D55, 0x08C4, 0x0000, 0xD6DB, 0xFF1E, 0xF69D, 0x6330, 0x7C95, 0x5B70, 0x0000, 0x10C3,
  0xF7BF, 0x3A09, 0x0000, 0x0020, 0x0000, 0x2169, 0x1948, 0x0000, 0x0000, 0x0042, 0x259C, 0x267F,
  0x1351, 0x0000, 0x0001, 0x0000, 0x0000, 0x0000, 0x0000, 0x0000, 0x2965, 0xDEDB, 0xFFDF, 0xDEFB,
  0x31C7, 0x0000, 0x0168, 0x0D3A, 0x0020, 0x0000, 0x0000, 0x0000, 0x0000, 0x0000, 0x0000, 0x0000,
  0x0000, 0x0000, 0x0000, 0x0000, 0x0000, 0x0000, 0x0000, 0x0000, 0x028D, 0x0126, 0x0000, 0x0000,
  0x0000, 0x0000, 0x0000, 0x0000, 0x0000, 0x0000, 0x0000, 0x0000, 0x0000, 0x0000, 0x0001, 0x0000,
  0x08E5, 0x361D, 0x3EDF, 0x2C54, 0x0000, 0x0000, 0x08A4, 0x29EC, 0x0021, 0x0000, 0x0000, 0x10A3,
  0xD6DC, 0x1904, 0x0000, 0x0064, 0x08E9, 0x216F, 0x5B9F, 0x42DC, 0x4DFF, 0x232C, 0x0000, 0x0000,
  0x0000, 0x33F1, 0x4D98, 0x0000, 0x29C8, 0x3A4B, 0x31E9, 0x31C9, 0x29C8, 0x29A8, 0x29A7, 0x2987,
  0x2166, 0x2146, 0x2146, 0x2125, 0x3A2A, 0x424A, 0x428B, 0x530E, 0x0020, 0x4AAB, 0xE7DF, 0x1148,
  0x0022, 0x0020, 0xD6FB, 0xFFFF, 0xFFFF, 0x6B91, 0x7C75, 0x6BF2, 0x0000, 0x0000, 0xD6DB, 0x52EC,
  0x0000, 0x0020, 0x0000, 0x21AA, 0x1927, 0x0000, 0x0000, 0x0126, 0x25FE, 0x267F, 0x126B, 0x0000,
  0x0001, 0x0000, 0x0000, 0x0000, 0x0000, 0x0000, 0x0000, 0x0862, 0x31A7, 0x1082, 0x0000, 0x0000,
  0x0000, 0x0B94, 0x00A4, 0x0000, 0x0000, 0x0000, 0x0000, 0x0000, 0x0000, 0x0000, 0x0000, 0x0000,
  0x0000, 0x0000, 0x0000, 0x0000, 0x0000, 0x0000, 0x00E7, 0x0042, 0x0000, 0x0000, 0x0000, 0x0000,
  0x0000, 0x0021, 0x0000, 0x0000, 0x0001, 0x0001, 0x0001, 0x0001, 0x0001, 0x0000, 0x0083, 0x3E1C,
  0x3EFF, 0x2C74, 0x0000, 0x0000, 0x0884, 0x29EC, 0x0021, 0x0000, 0x0000, 0x10C3, 0xB5F8, 0x1082,
  0x0000, 0x0043, 0x0086, 0x192C, 0x633E, 0x4A1A, 0x45BF, 0x232C, 0x0000, 0x0041, 0x0000, 0x3C94,
  0x3C73, 0x0000, 0x29C9, 0x322A, 0x31E9, 0x29C8, 0x29A8, 0x29A8, 0x2987, 0x2187, 0x2166, 0x2146,
  0x2126, 0x1925, 0x3A2A, 0x3A4A, 0x428B, 0x4AAC, 0x0000, 0x638E, 0xA73F, 0x04DD, 0x0C37, 0x0000,
  0xAE3A, 0xDF1F, 0xDEFF, 0x52B0, 0x5351, 0x42B0, 0x0021, 0x0000, 0xA576, 0x73F1, 0x0000, 0x0020,
  0x0000, 0x29CB, 0x1927, 0x0000, 0x0000, 0x0167, 0x261F, 0x2E5F, 0x1209, 0x0000, 0x0001, 0x0001,
  0x0001, 0x0000, 0x0000, 0x0000, 0x0000, 0x0000, 0x0000, 0x0000, 0x0000, 0x0000, 0x0000, 0x01AB,
  0x00A4, 0x0000, 0x0000, 0x0000, 0x0000, 0x0000, 0x0000, 0x0000, 0x0000, 0x0000, 0x0000, 0x0000,
  0x0000, 0x0000, 0x0000, 0x0000, 0x0000, 0x0000, 0x0000, 0x0000, 0x0000, 0x0000, 0x0000, 0x0001,
  0x0001, 0x0001, 0x0001, 0x0001, 0x0001, 0x0001, 0x0001, 0x0001, 0x0084, 0x4E3D, 0x46FF, 0x2C34,
  0x0000, 0x0000, 0x0884, 0x29EC, 0x0021, 0x0000, 0x0000, 0x2125, 0xAD76, 0x0020, 0x0000, 0x0022,
  0x0024, 0x190C, 0x62FE, 0x5199, 0x4DDF, 0x1B0C, 0x0000, 0x0020, 0x0000, 0x3DDA, 0x1A29, 0x0000,
  0x29E9, 0x31E9, 0x29C9, 0x29C8, 0x29A8, 0x29A7, 0x2187, 0x2167, 0x2166, 0x2146, 0x2125, 0x1925,
  0x3A2A, 0x3A4A, 0x428B, 0x426B, 0x0000, 0x538E, 0x6EFF, 0x059F, 0x0D3D, 0x0021, 0x64B6, 0x6C7E,
  0x73DF, 0x2990, 0x10EA, 0x08EA, 0x0021, 0x0000, 0x530D, 0x8494, 0x0000, 0x0020, 0x0000, 0x21AA,
  0x1948, 0x0000, 0x0000, 0x0987, 0x2E3F, 0x365F, 0x1209, 0x0000, 0x0001, 0x0001, 0x0001, 0x0001,
  0x0001, 0x0000, 0x0000, 0x0000, 0x0000, 0x0000, 0x0000, 0x0000, 0x0000, 0x0064, 0x0022, 0x0000,
  0x0000, 0x0000, 0x0000, 0x0000, 0x0000, 0x0000, 0x0000, 0x0000, 0x0000, 0x0000, 0x0000, 0x0000,
  0x0000, 0x0000, 0x0000, 0x0000, 0x0000, 0x0000, 0x0000, 0x0000, 0x0000, 0x0001, 0x0001, 0x0001,
  0x0001, 0x0002, 0x0002, 0x0002, 0x0022, 0x0001, 0x0926, 0x4E7E, 0x4F3F, 0x2B90, 0x0000, 0x0000,
  0x08A4, 0x29EC, 0x0000, 0x0000, 0x0000, 0x2987, 0x8493, 0x0000, 0x0000, 0x0001, 0x0002, 0x212E,
  0x62BE, 0x51D9, 0x4DFF, 0x1229, 0x0000, 0x0000, 0x0AD0, 0x2518, 0x0000, 0x0882, 0x29E9, 0x29C8,
  0x29A8, 0x29A8, 0x2987, 0x2187, 0x2167, 0x2166, 0x2146, 0x1926, 0x1925, 0x1925, 0x3209, 0x3A2A,
  0x426B, 0x3A4A, 0x0000, 0x2ACC, 0x46BF, 0x0335, 0x020C, 0x0000, 0x4474, 0x643E, 0x6B3F, 0x31D2,
  0x0067, 0x0087, 0x0001, 0x0000, 0x10C4, 0x5C34, 0x0000, 0x0000, 0x0000, 0x2189, 0x218A, 0x0000,
  0x0000, 0x0905, 0x361E, 0x36BF, 0x126B, 0x0000, 0x0022, 0x0001, 0x0001, 0x0001, 0x0001, 0x0001,
  0x0001, 0x0000, 0x0000, 0x0000, 0x0000, 0x0000, 0x0000, 0x0001, 0x0001, 0x0000, 0x0000, 0x0000,
  0x0000, 0x0000, 0x0000, 0x0000, 0x0000, 0x0000, 0x0000, 0x0000, 0x0000, 0x0000, 0x0000, 0x0000,
  0x0000, 0x0000, 0x0000, 0x0000, 0x0000, 0x0000, 0x0001, 0x0001, 0x0002, 0x0002, 0x0002, 0x0023,
  0x0023, 0x0023, 0x0043, 0x0001, 0x1A6B, 0x5F1F, 0x571F, 0x22AB, 0x0000, 0x0000, 0x10E5, 0x29EB,
  0x0000, 0x0000, 0x0000, 0x3A29, 0x4AED, 0x0000, 0x0000, 0x0000, 0x0000, 0x3171, 0x627D, 0x521A,
  0x465E, 0x08E4, 0x0084, 0x0396, 0x0C17, 0x00C4, 0x0000, 0x1947, 0x29C9, 0x29A8, 0x2988, 0x2187,
  0x2187, 0x2167, 0x2167, 0x2146, 0x2146, 0x1925, 0x1925, 0x1925, 0x31E9, 0x3209, 0x3A4A, 0x3A2A,
  0x0000, 0x11A7, 0x3F1F, 0x0168, 0x0000, 0x0000, 0x33B0, 0x5C7E, 0x5A7D, 0x4236, 0x0045, 0x0066,
  0x0001, 0x0000, 0x0000, 0x2AD0, 0x08A4, 0x0000, 0x0000, 0x1947, 0x2A0C, 0x0000, 0x0000, 0x0041,
  0x35DC, 0x3EDF, 0x1B91, 0x0000, 0x0022, 0x0002, 0x0002, 0x0002, 0x0002, 0x0001, 0x0001, 0x0001,
  0x0001, 0x0001, 0x0001, 0x0000, 0x0000, 0x0000, 0x0000, 0x0000, 0x0000, 0x0000, 0x0000, 0x0000,
  0x0000, 0x0000, 0x0000, 0x0000, 0x0000, 0x0000, 0x0000, 0x0000, 0x0000, 0x0000, 0x0000, 0x0000,
  0x0000, 0x0000, 0x0001, 0x0001, 0x0001, 0x0022, 0x0023, 0x0023, 0x0044, 0x0044, 0x0044, 0x0044,
  0x0065, 0x0002, 0x4517, 0x5F3F, 0x56BE, 0x08E4, 0x0000, 0x0000, 0x21AA, 0x29EB, 0x0000, 0x0000,
  0x0000, 0x3A6C, 0x2166, 0x0000, 0x0000, 0x0000, 0x0000, 0x49D6, 0x5A3D, 0x531C, 0x45FA, 0x0000,
  0x00E6, 0x0189, 0x0000, 0x0000, 0x10C4, 0x21A8, 0x2188, 0x2187, 0x2187, 0x2187, 0x2167, 0x2167,
  0x2166, 0x2146, 0x1946, 0x1925, 0x1925, 0x1925, 0x31E9, 0x31E9, 0x3209, 0x3A4B, 0x0861, 0x0041,
  0x36BE, 0x0A4B, 0x0000, 0x0000, 0x1A6A, 0x5CBE, 0x59FC, 0x523A, 0x0046, 0x0044, 0x0001, 0x0000,
  0x0000, 0x1169, 0x1149, 0x0000, 0x0000, 0x08A3, 0x3A8F, 0x0000, 0x0000, 0x0000, 0x2C95, 0x3EFF,
  0x359A, 0x0022, 0x0044, 0x0044, 0x0043, 0x0023, 0x0023, 0x0023, 0x0022, 0x0002, 0x0001, 0x0002,
  0x0001, 0x0001, 0x0000, 0x0000, 0x0000, 0x0000, 0x0000, 0x0000, 0x0000, 0x0000, 0x0000, 0x0000,
  0x0000, 0x0000, 0x0000, 0x0000, 0x0000, 0x0000, 0x0000, 0x0000, 0x0000, 0x0000, 0x0000, 0x0000,
  0x0000, 0x0001, 0x0043, 0x0044, 0x0065, 0x0066, 0x0086, 0x0086, 0x0086, 0x00C7, 0x0004, 0x1A4C,
  0x671F, 0x673F, 0x4516, 0x0000, 0x0000, 0x0000, 0x3A8F, 0x2168, 0x0000, 0x0000, 0x0000, 0x0928,
  0x0042, 0x0000, 0x0000, 0x0000, 0x0023, 0x5A1A, 0x59DB, 0x5CBF, 0x2C31, 0x0000, 0x0000, 0x0000,
  0x0000, 0x10C4, 0x2188, 0x2167, 0x2167, 0x2187, 0x2167, 0x2167, 0x2167, 0x2166, 0x2146, 0x2146,
  0x1925, 0x1925, 0x1905, 0x1905, 0x31C8, 0x31E9, 0x31E9, 0x3A2A, 0x1905, 0x0000, 0x2495, 0x1C14,
  0x0000, 0x0000, 0x0904, 0x555C, 0x59DB, 0x625D, 0x18A9, 0x0001, 0x0001, 0x0000, 0x0000, 0x0042,
  0x11CD, 0x0000, 0x0000, 0x0000, 0x3AAF, 0x10C5, 0x0000, 0x0000, 0x1A6B, 0x4EFF, 0x4EFF, 0x1A8C,
  0x0004, 0x00A7, 0x0065, 0x0065, 0x0065, 0x0045, 0x0044, 0x0024, 0x0023, 0x0022, 0x0022, 0x0001,
  0x0001, 0x0000, 0x0000, 0x0000, 0x0000, 0x0000, 0x0000, 0x0000, 0x0001, 0x0001, 0x0021, 0x0000,
  0x0001, 0x0000, 0x0000, 0x0000, 0x0000, 0x0000, 0x0000, 0x0000, 0x0000, 0x0000, 0x0062, 0x0063,
  0x0003, 0x00A7, 0x00E8, 0x00E9, 0x00E9, 0x00E9, 0x00E9, 0x0046, 0x11AA, 0x5EBD, 0x66FF, 0x6F3F,
  0x19A7, 0x0000, 0x0000, 0x0883, 0x5393, 0x08A3, 0x0000, 0x0000, 0x0000, 0x0000, 0x0000, 0x0000,
  0x0000, 0x0000, 0x1888, 0x623D, 0x59BA, 0x5DBE, 0x0986, 0x0000, 0x08A4, 0x1926, 0x1947, 0x2168,
  0x2167, 0x2167, 0x2167, 0x2167, 0x2167, 0x2167, 0x2146, 0x2146, 0x1946, 0x1926, 0x1925, 0x1905,
  0x1905, 0x1905, 0x29C8, 0x31C8, 0x31C8, 0x31E9, 0x29A8, 0x0000, 0x0105, 0x25DC, 0x00C5, 0x0000,
  0x0000, 0x3D18, 0x5A9C, 0x69FD, 0x3951, 0x0000, 0x0001, 0x0000, 0x0000, 0x0000, 0x096A, 0x0083,
  0x0000, 0x0000, 0x2A0C, 0x2A0C, 0x0000, 0x0000, 0x0041, 0x45DA, 0x571F, 0x4E3B, 0x00E7, 0x0087,
  0x00E9, 0x00C8, 0x00A8, 0x00A7, 0x00A7, 0x0086, 0x0065, 0x0085, 0x0003, 0x0001, 0x0001, 0x0001,
  0x0000, 0x0000, 0x0000, 0x0000, 0x0000, 0x0000, 0x0000, 0x0000, 0x0000, 0x0000, 0x0000, 0x0000,
  0x0000, 0x2966, 0x52CB, 0x0862, 0x0000, 0x0000, 0x0000, 0x0000, 0x08E4, 0x5D78, 0x2AEE, 0x00C8,
  0x00A9, 0x00CA, 0x00EA, 0x00A9, 0x00E9, 0x2B10, 0x66BD, 0x66FF, 0x77BF, 0x3C12, 0x0000, 0x0020,
  0x0000, 0x322C, 0x5352, 0x0000, 0x0000, 0x0000, 0x0000, 0x0000, 0x0084, 0x0000, 0x0000, 0x0000,
  0x3151, 0x59BD, 0x63BF, 0x3C53, 0x0000, 0x0021, 0x2188, 0x2188, 0x1967, 0x1967, 0x2167, 0x2167,
  0x2167, 0x2167, 0x2167, 0x2146, 0x2146, 0x1946, 0x1926, 0x1925, 0x1925, 0x1905, 0x1905, 0x1905,
  0x29A8, 0x29A8, 0x29A8, 0x29A8, 0x31E9, 0x10E5, 0x0000, 0x0A6B, 0x1519, 0x01EB, 0x0000, 0x238F,
  0x5C3E, 0x615A, 0x59B8, 0x0001, 0x0000, 0x0000, 0x0000, 0x0000, 0x0042, 0x0884, 0x0000, 0x0000,
  0x08A3, 0x4B32, 0x0041, 0x0000, 0x0000, 0x1A4A, 0x5F3F, 0x5F1F, 0x4D98, 0x0908, 0x0089, 0x012B,
  0x014C, 0x012B, 0x010B, 0x00C9, 0x0087, 0x0004, 0x08E7, 0x228C, 0x0001, 0x0000, 0x0000, 0x0000,
  0x0000, 0xA555, 0xCE79, 0xAD76, 0x8C92, 0x73CF, 0x5AEC, 0x6B8E, 0x8431, 0x9D14, 0xCE79, 0xF7DF,
  0xF7BE, 0x1082, 0x0000, 0x0000, 0x0000, 0x0000, 0x0000, 0x2A8B, 0x7FDF, 0x66BD, 0x44D7, 0x33F3,
  0x33F4, 0x44B7, 0x5E1B, 0x775F, 0x6F5F, 0x77BF, 0x4CD5, 0x0020, 0x0000, 0x0000, 0x0041, 0x6C36,
  0x2988, 0x0000, 0x0000, 0x0000, 0x0000, 0x00E7, 0x0A71, 0x0000, 0x0000, 0x0001, 0x49F9, 0x633F,
  0x4C57, 0x0061, 0x0000, 0x1106, 0x2188, 0x1947, 0x1947, 0x1967, 0x2167, 0x2167, 0x2167, 0x2167,
  0x2167, 0x2146, 0x1946, 0x1946, 0x1926, 0x1925, 0x1905, 0x1905, 0x1905, 0x18E4, 0x2987, 0x29A7,
  0x29A8, 0x29A8, 0x29A8, 0x29A8, 0x0883, 0x0000, 0x00C3, 0x0168, 0x0000, 0x08E3, 0x553C, 0x599A,
  0x61DC, 0x1888, 0x0000, 0x0000, 0x0000, 0x0000, 0x0000, 0x0000, 0x0000, 0x0020, 0x0000, 0x42CF,
  0x29CA, 0x0000, 0x0020, 0x0000, 0x3BF1, 0x677F, 0x673F, 0x5E5C, 0x2B72, 0x11EE, 0x094D, 0x014C,
  0x012B, 0x010A, 0x11AB, 0x33B1, 0x6F3F, 0x2AED, 0x0000, 0x0001, 0x0000, 0x0001, 0x0000, 0x94B2,
  0xFFFF, 0xFFFF, 0xFFFF, 0xFFFF, 0xFFFF, 0xFFFF, 0xFFFF, 0xFFFF, 0xFFFF, 0xFFFF, 0x8431, 0x0000,
  0x0000, 0x0000, 0x0000, 0x0000, 0x0000, 0x0000, 0x1987, 0x5557, 0x777F, 0x7FFF, 0x87FF, 0x7FFF,
  0x7FBF, 0x773F, 0x667B, 0x332E, 0x0000, 0x0000, 0x0000, 0x0000, 0x42CF, 0x5BB3, 0x0000, 0x0000,
  0x0000, 0x0000, 0x0000, 0x0B15, 0x0128, 0x0000, 0x0000, 0x212D, 0x52DD, 0x3291, 0x0021, 0x0000,
  0x10C5, 0x2168, 0x1947, 0x1947, 0x1947, 0x1947, 0x1967, 0x1946, 0x1946, 0x2146, 0x1946, 0x1946,
  0x1946, 0x1926, 0x1925, 0x1925, 0x1905, 0x1905, 0x18E4, 0x18E4, 0x2987, 0x2987, 0x2987, 0x2987,
  0x2987, 0x29A8, 0x29A8, 0x10E4, 0x0000, 0x0000, 0x0000, 0x0000, 0x236F, 0x5BDE, 0x695A, 0x4994,
  0x0000, 0x0000, 0x0000, 0x0000, 0x0000, 0x0000, 0x0021, 0x0000, 0x0000, 0x10E5, 0x5393, 0x0021,
  0x0000, 0x0000, 0x0000, 0x3BF1, 0x6F5F, 0x779F, 0x6F7F, 0x66BE, 0x561C, 0x559A, 0x557A, 0x665C,
  0x777F, 0x7FFF, 0x4432, 0x0000, 0x0000, 0x0000, 0x0000, 0x0000, 0x0000, 0x0882, 0xCE9A, 0xFFFF,
  0xF7DE, 0xF7BF, 0xFFDF, 0xFFDF, 0xF7DF, 0xF7BE, 0xFFFF, 0xD6BA, 0x1082, 0x0000, 0x0000, 0x0000,
  0x0000, 0x0000, 0x0000, 0x0000, 0x0000, 0x0000, 0x0905, 0x2AED, 0x3BD0, 0x3BB0, 0x330D, 0x19C8,
  0x0041, 0x0000, 0x0000, 0x0000, 0x0000, 0x29C9, 0x7CD8, 0x1905, 0x0000, 0x0000, 0x0000, 0x0000,
  0x01ED, 0x0B14, 0x0000, 0x0000, 0x0000, 0x0864, 0x0042, 0x0000, 0x0021, 0x10E5, 0x1967, 0x1947,
  0x1947, 0x1947, 0x1946, 0x1946, 0x1946, 0x1946, 0x1946, 0x1946, 0x1946, 0x1946, 0x1926, 0x1925,
  0x1905, 0x1905, 0x1905, 0x10E4, 0x10E4, 0x10E4, 0x2167, 0x2167, 0x2187, 0x2187, 0x2187, 0x2987,
  0x2187, 0x29A8, 0x2188, 0x1947, 0x1105, 0x0020, 0x0041, 0x3C37, 0x6ADE, 0x6A3D, 0x20C9, 0x0000,
  0x0000, 0x0000, 0x2986, 0xC639, 0xE75D, 0x9D14, 0x10A3, 0x0000, 0x42CF, 0x3A8D, 0x0000, 0x0020,
  0x0000, 0x0000, 0x19C7, 0x5536, 0x6EDE, 0x779F, 0x7FDF, 0x7FFF, 0x87FF, 0x7F9F, 0x661A, 0x226A,
  0x0000, 0x0000, 0x0000, 0x0000, 0x0000, 0x0000, 0x0000, 0x0000, 0x18E3, 0xBDD7, 0xFFFF, 0xFFFF,
  0xFFFF, 0xFFFF, 0xFFFF, 0xFFFF, 0xC639, 0x18E4, 0x0000, 0x0000, 0x0000, 0x0000, 0x0000, 0x0000,
  0x0000, 0x0000, 0x0000, 0x0000, 0x0000, 0x0000, 0x0000, 0x0000, 0x0000, 0x0000, 0x0000, 0x0000,
  0x0000, 0x0000, 0x1926, 0x7CD9, 0x3A4B, 0x0000, 0x0000, 0x0000, 0x0000, 0x0128, 0x0BD9, 0x00A4,
  0x0000, 0x0000, 0x0862, 0x0041, 0x0862, 0x10E5, 0x1947, 0x1947, 0x1946, 0x1946, 0x1946, 0x1946,
  0x1946, 0x1946, 0x1946, 0x1946, 0x1946, 0x1946, 0x1946, 0x1926, 0x1925, 0x1905, 0x1905, 0x1905,
  0x1105, 0x10E4, 0x10E4, 0x10E4, 0x2166, 0x2166, 0x2167, 0x2167, 0x2167, 0x2187, 0x2167, 0x2167,
  0x2188, 0x29A8, 0x29C9, 0x10E5, 0x0000, 0x0062, 0x29CD, 0x0805, 0x0002, 0x0000, 0x0000, 0x0000,
  0xCE7A, 0xCE7A, 0x6B6E, 0xB5D7, 0xBDF8, 0x0020, 0x0882, 0x6415, 0x2988, 0x0000, 0x0000, 0x0000,
  0x0000, 0x0000, 0x1125, 0x32EC, 0x43F1, 0x4432, 0x334E, 0x21E8, 0x0000, 0x0000, 0x0000, 0x0000,
  0x0000, 0x0000, 0x0000, 0x0000, 0x0000, 0x0000, 0x0000, 0x0000, 0x4A6A, 0x9D14, 0xCE59, 0xCE59,
  0xB596, 0x630C, 0x0041, 0x0000, 0x0000, 0x0000, 0x0000, 0x0000, 0x0000, 0x0000, 0x0000, 0x0000,
  0x0000, 0x0000, 0x0000, 0x0020, 0x0021, 0x0021, 0x0021, 0x0000, 0x0000, 0x0000, 0x0000, 0x1926,
  0x7CD8, 0x4ACE, 0x0000, 0x0000, 0x0000, 0x0000, 0x00E6, 0x03FB, 0x01AB, 0x0000, 0x0000, 0x0883,
  0x1927, 0x1106, 0x1927, 0x1947, 0x1926, 0x1926, 0x1926, 0x1946, 0x1946, 0x1946, 0x1946, 0x1946,
  0x1946, 0x1926, 0x1926, 0x1926, 0x1926, 0x1925, 0x1925, 0x1905, 0x1905, 0x1905, 0x18E4, 0x10E4,
  0x10E4, 0x10C4, 0x2146, 0x2166, 0x2166, 0x2166, 0x2167, 0x2167, 0x2167, 0x2167, 0x2167, 0x2167,
  0x2988, 0x2188, 0x0020, 0x0000, 0x0000, 0x6B8D, 0xADB6, 0x630C, 0x0000, 0x18E3, 0xB5D7, 0x0021,
  0x0000, 0x0000, 0xADB7, 0x52CB, 0x0000, 0x2167, 0x7CB7, 0x2167, 0x0000, 0x0000, 0x0000, 0x0000,
  0x0000, 0x0000, 0x0000, 0x0000, 0x0000, 0x0000, 0x0000, 0x0000, 0x0000, 0x0000, 0x0000, 0x0000,
  0x0000, 0x0000, 0x0000, 0x0000, 0x0000, 0x0000, 0x0000, 0x0000, 0x0000, 0x0000, 0x0000, 0x0000,
  0x0000, 0x0000, 0x0000, 0x0000, 0x0000, 0x0000, 0x0000, 0x0000, 0x0000, 0x0000, 0x0000, 0x0000,
  0x0000, 0x0000, 0x0000, 0x0000, 0x0000, 0x0000, 0x0000, 0x0000, 0x31E9, 0x84F9, 0x4ACE, 0x0000,
  0x0000, 0x0000, 0x0084, 0x018A, 0x045C, 0x0270, 0x0000, 0x0000, 0x0041, 0x1926, 0x1106, 0x1105,
  0x1106, 0x1926, 0x1926, 0x1926, 0x1926, 0x1926, 0x1926, 0x1926, 0x1946, 0x1946, 0x1946, 0x1926,
  0x1926, 0x1926, 0x1926, 0x1925, 0x1905, 0x1905, 0x1905, 0x1905, 0x10E4, 0x10E4, 0x10E4, 0x10C4,
  0x2146, 0x2146, 0x2146, 0x2146, 0x2166, 0x2167, 0x2167, 0x2167, 0x2167, 0x2967, 0x2988, 0x18E4,
  0x0021, 0x0000, 0x8472, 0xEF7E, 0x8452, 0xCE9B, 0x39E8, 0x10A2, 0x8473, 0x0000, 0x0020, 0x0000,
  0x4228, 0x9D14, 0x0000, 0x0000, 0x29C8, 0x84D8, 0x2988, 0x0000, 0x0000, 0x0000, 0x0000, 0x0000,
  0x0000, 0x0000, 0x0000, 0x0000, 0x0000, 0x0000, 0x0000, 0x0000, 0x0000, 0x0000, 0x0000, 0x0000,
  0x0000, 0x0000, 0x0000, 0x0000, 0x0000, 0x0000, 0x0000, 0x0000, 0x0000, 0x0000, 0x0000, 0x0000,
  0x0000, 0x0000, 0x0000, 0x0000, 0x0000, 0x0000, 0x0000, 0x0000, 0x0000, 0x0000, 0x0000, 0x0000,
  0x0000, 0x0020, 0x0000, 0x0000, 0x0021, 0x5350, 0x8D5A, 0x3A4B, 0x0000, 0x0000, 0x0000, 0x0127,
  0x0398, 0x047D, 0x0314, 0x0000, 0x0000, 0x0020, 0x1105, 0x1906, 0x1105, 0x1905, 0x1906, 0x1906,
  0x1926, 0x1926, 0x1926, 0x1926, 0x1926, 0x1926, 0x1926, 0x1926, 0x1926, 0x1926, 0x1926, 0x1926,
  0x1925, 0x1925, 0x1905, 0x1905, 0x1905, 0x18E4, 0x10E4, 0x10E4, 0x10E4, 0x10C4, 0x2146, 0x2146,
  0x2146, 0x2146, 0x2146, 0x2166, 0x2166, 0x2167, 0x2167, 0x2987, 0x1083, 0x0000, 0x0000, 0x0000,
  0x5B4F, 0x2189, 0x0002, 0x2987, 0x8CB4, 0x0882, 0x4ACE, 0x0000, 0x0000, 0x0000, 0x0841, 0xA535,
  0x1082, 0x0000, 0x0000, 0x2987, 0x7CB7, 0x428D, 0x0000, 0x0000, 0x0000, 0x0000, 0x0000, 0x0000,
  0x0000, 0x0000, 0x0000, 0x0000, 0x0000, 0x0000, 0x0000, 0x0000, 0x0000, 0x0000, 0x0000, 0x0000,
  0x0000, 0x0000, 0x0000, 0x0000, 0x0000, 0x0000, 0x0000, 0x0000, 0x0000, 0x0000, 0x0000, 0x0000,
  0x0000, 0x0000, 0x0000, 0x0000, 0x0000, 0x0000, 0x0000, 0x0000, 0x0000, 0x0000, 0x0000, 0x0000,
  0x0000, 0x52AB, 0xADFA, 0x9D99, 0x2166, 0x0000, 0x0000, 0x0000, 0x01CC, 0x03FA, 0x049E, 0x02F3,
  0x0021, 0x0000, 0x0000, 0x10E5, 0x1926, 0x1105, 0x1105, 0x1905, 0x1906, 0x1906, 0x1926, 0x1926,
  0x1926, 0x1926, 0x1926, 0x1926, 0x1926, 0x1926, 0x1926, 0x1926, 0x1925, 0x1926, 0x1925, 0x1925,
  0x1905, 0x1905, 0x18E5, 0x10E4, 0x10E4, 0x10C4, 0x10C4, 0x10C4, 0x2125, 0x2125, 0x2146, 0x2146,
  0x2146, 0x2146, 0x2146, 0x2146, 0x2987, 0x10A3, 0x0000, 0x2986, 0x5ACB, 0x0862, 0x0000, 0x08C5,
  0x08A4, 0x0000, 0x638F, 0x2987, 0x29A9, 0x0000, 0x0000, 0x0000, 0x0000, 0x73D0, 0x2145, 0x0000,
  0x0020, 0x0000, 0x1905, 0x7475, 0x6C14, 0x1905, 0x0000, 0x0000, 0x0000, 0x0000, 0x0000, 0x0000,
  0x0000, 0x0000, 0x0000, 0x0000, 0x0000, 0x0000, 0x0000, 0x0000, 0x0000, 0x0000, 0x0000, 0x0000,
  0x0000, 0x0000, 0x0000, 0x0000, 0x0000, 0x0000, 0x0000, 0x0000, 0x0000, 0x0000, 0x0000, 0x0000,
  0x0000, 0x0000, 0x0000, 0x0000, 0x0000, 0x0000, 0x0000, 0x0000, 0x0882, 0x634E, 0xC67A, 0xDF3E,
  0x7C11, 0x0862, 0x0000, 0x0000, 0x00C5, 0x02F4, 0x045C, 0x043B, 0x024F, 0x0000, 0x0000, 0x0020,
  0x10E5, 0x1906, 0x1105, 0x1106, 0x1905, 0x1905, 0x1906, 0x1926, 0x1926, 0x1926, 0x1926, 0x1926,
  0x1926, 0x1926, 0x1926, 0x1926, 0x1926, 0x1926, 0x1925, 0x1925, 0x1925, 0x1905, 0x1905, 0x1905,
  0x10E4, 0x10E4, 0x10E4, 0x10C4, 0x10C4, 0x10C4, 0x1925, 0x2125, 0x2126, 0x2126, 0x2146, 0x2146,
  0x2146, 0x2166, 0x2146, 0x0000, 0x39E8, 0xF7DF, 0xDEDB, 0xC659, 0x4208, 0x0000, 0x0021, 0x0000,
  0x10C4, 0x18E4, 0x10E5, 0x0000, 0x0000, 0x0000, 0x0000, 0x3A2A, 0x18E4, 0x0000, 0x0000, 0x0020,
  0x0000, 0x0020, 0x4AEE, 0x84F7, 0x6BD2, 0x2146, 0x0000, 0x0000, 0x0000, 0x0000, 0x0000, 0x0000,
  0x0000, 0x0000, 0x0000, 0x0000, 0x0000, 0x0000, 0x0000, 0x0000, 0x0000, 0x0000, 0x0000, 0x0000,
  0x0000, 0x0000, 0x0000, 0x0000, 0x0000, 0x0000, 0x0000, 0x0000, 0x0000, 0x0000, 0x0000, 0x0000,
  0x0000, 0x0000, 0x0000, 0x0000, 0x39E8, 0xA535, 0xEF7E, 0xE73D, 0x7C11, 0x18E4, 0x0000, 0x0000,
  0x0041, 0x01ED, 0x03B9, 0x043C, 0x0334, 0x0106, 0x0000, 0x0000, 0x0862, 0x1105, 0x1906, 0x1105,
  0x1905, 0x1926, 0x1926, 0x1926, 0x1926, 0x1926, 0x1926, 0x1926, 0x1946, 0x1946, 0x1926, 0x1926,
  0x1946, 0x1946, 0x1926, 0x1926, 0x1925, 0x1925, 0x1925, 0x1905, 0x1905, 0x1905, 0x10E5, 0x10E4,
  0x10E4, 0x10E4, 0x10C4, 0x10C4, 0x1925, 0x1925, 0x2125, 0x2126, 0x2126, 0x2146, 0x2146, 0x2166,
  0x1905, 0x0000, 0x8CB3, 0x8473, 0x0044, 0x2987, 0x8CB3, 0x1904, 0x0000, 0x0000, 0x0000, 0x0001,
  0x0042, 0x0883, 0x0000, 0x0000, 0x0000, 0x0883, 0x0041, 0x0000, 0x0000, 0x0000, 0x0020, 0x0000,
  0x0000, 0x10C3, 0x6370, 0x9558, 0x84B5, 0x4AAB, 0x18E4, 0x0000, 0x0000, 0x0000, 0x0000, 0x0000,
  0x0000, 0x0000, 0x0000, 0x0020, 0x0020, 0x0000, 0x0000, 0x0000, 0x0000, 0x0000, 0x0000, 0x0000,
  0x0020, 0x0020, 0x0000, 0x0000, 0x0000, 0x0000, 0x0000, 0x0000, 0x0000, 0x0000, 0x18C3, 0x39E8,
  0x8C92, 0xD6DB, 0xFFFF, 0xC659, 0x5AEC, 0x0841, 0x0000, 0x0000, 0x0020, 0x0149, 0x0377, 0x041B,
  0x02F4, 0x0169, 0x0000, 0x0000, 0x0020, 0x08A4, 0x1927, 0x1926, 0x1906, 0x1906, 0x1926, 0x1926,
  0x1926, 0x1926, 0x1926, 0x1926, 0x1926, 0x1926, 0x1946, 0x1946, 0x1946, 0x1946, 0x1946, 0x1946,
  0x1926, 0x1926, 0x1925, 0x1925, 0x1925, 0x1925, 0x1905, 0x1905, 0x18E5, 0x10E4, 0x10E4, 0x10E4,
  0x10C4, 0x10C4, 0x1925, 0x1925, 0x1925, 0x1925, 0x2125, 0x2146, 0x2146, 0x2146, 0x1905, 0x0000,
  0x29A8, 0x10E6, 0x0884, 0x0001, 0x0863, 0x10C4, 0x0000, 0x0000, 0x0021, 0x0000, 0x10C5, 0x29CA,
  0x1947, 0x0863, 0x0000, 0x0000, 0x0000, 0x0021, 0xAD96, 0x52CB, 0x0000, 0x0042, 0x0063, 0x0000,
  0x0000, 0x0861, 0x52CC, 0xAD97, 0xD6BB, 0xBDF8, 0x8431, 0x528A, 0x2125, 0x0000, 0x0000, 0x0000,
  0x0000, 0x0000, 0x0000, 0x0000, 0x0000, 0x0000, 0x0000, 0x0000, 0x0000, 0x0000, 0x0000, 0x0000,
  0x0000, 0x0000, 0x0000, 0x0861, 0x2966, 0x5B0C, 0xA534, 0xDEFC, 0xEF9E, 0xEF7E, 0xC659, 0x8410,
  0x2945, 0x0000, 0x0000, 0x0000, 0x0062, 0x0128, 0x0291, 0x0315, 0x020E, 0x00E5, 0x0000, 0x0000,
  0x0021, 0x08A4, 0x1926, 0x1927, 0x1906, 0x1926, 0x1926, 0x1926, 0x1926, 0x1926, 0x1926, 0x1926,
  0x1926, 0x1926, 0x1946, 0x1946, 0x1946, 0x1946, 0x1946, 0x1946, 0x1946, 0x1946, 0x1926, 0x1926,
  0x1926, 0x1925, 0x1925, 0x1925, 0x1905, 0x1905, 0x1905, 0x10E4, 0x10E4, 0x10E4, 0x10C4, 0x10C4,
  0x1925, 0x1925, 0x1925, 0x1925, 0x2125, 0x2126, 0x2125, 0x2146, 0x1905, 0x0000, 0x0000, 0x0000,
  0x0000, 0x0020, 0x0000, 0x0000, 0x0000, 0x1947, 0x0862, 0x0000, 0x1947, 0x29EB, 0x2189, 0x1107,
  0x0021, 0x0000, 0x2986, 0x18E4, 0x630C, 0xFFFF, 0x8C92, 0x0862, 0x0043, 0x1149, 0x116A, 0x0084,
  0x0000, 0x0000, 0x18C3, 0x5AEB, 0x9D14, 0xC659, 0xD6DB, 0xD6DB, 0xBDF8, 0xA555, 0x8C72, 0x73AE,
  0x5B0C, 0x4A8B, 0x4229, 0x3A08, 0x3A08, 0x4208, 0x4A4A, 0x52AB, 0x632D, 0x73AE, 0x8C92, 0xB5D7,
  0xD6BB, 0xDF1C, 0xE75E, 0xDEFC, 0xBDF8, 0x8430, 0x4208, 0x10A2, 0x0000, 0x0000, 0x0000, 0x0000,
  0x0000, 0x0021, 0x00A5, 0x00E7, 0x00C5, 0x0021, 0x0000, 0x0000, 0x0000, 0x0000, 0x08A4, 0x2168,
  0x1946, 0x1926, 0x1926, 0x1926, 0x1926, 0x1926, 0x1926, 0x1946, 0x1946, 0x1946, 0x1946, 0x2146,
  0x2146, 0x2146, 0x2146, 0x2146, 0x2146, 0x2146, 0x1946, 0x1946, 0x1946, 0x1946, 0x1926, 0x1926,
  0x1925, 0x1925, 0x1905, 0x1905, 0x1905, 0x18E4, 0x10E4, 0x10E4, 0x10C4, 0x10C4, 0x1905, 0x1905,
  0x1925, 0x1925, 0x1925, 0x1925, 0x1925, 0x2126, 0x0020, 0x2966, 0x8C72, 0x738E, 0x0861, 0x0000,
  0x0000, 0x0000, 0x1906, 0x42AE, 0x0021, 0x0000, 0x2168, 0x29CA, 0x2189, 0x1107, 0x0000, 0x0000,
  0xA576, 0x9CF4, 0x0000, 0xAD97, 0xFFFF, 0xD6BA, 0x2124, 0x0000, 0x1107, 0x19CC, 0x19ED, 0x198A,
  0x0084, 0x0000, 0x0000, 0x0000, 0x1082, 0x39E8, 0x6B4D, 0x8C71, 0x9CF3, 0xAD96, 0xBE18, 0xC639,
  0xC639, 0xC639, 0xBE19, 0xBE18, 0xBE18, 0xBE18, 0xBDF8, 0xAD55, 0x94B2, 0x73AF, 0x52AA, 0x3165,
  0x1061, 0x0000, 0x0000, 0x0000, 0x0000, 0x0043, 0x0084, 0x0063, 0x0021, 0x0000, 0x0000, 0x0000,
  0x0000, 0x0000, 0x0000, 0x0000, 0x0000, 0x0946, 0x0061, 0x0000, 0x0000, 0x10E5, 0x1947, 0x1926,
  0x1926, 0x1926, 0x1946, 0x1946, 0x1946, 0x1946, 0x2146, 0x2146, 0x2146, 0x2146, 0x2146, 0x2166,
  0x2166, 0x2166, 0x2146, 0x2146, 0x2146, 0x2146, 0x2146, 0x2146, 0x1926, 0x1926, 0x1926, 0x1925,
  0x1925, 0x1905, 0x1905, 0x1905, 0x10E4, 0x10E4, 0x10E4, 0x10C4, 0x1905, 0x1905, 0x1905, 0x1905,
  0x1905, 0x1905, 0x1925, 0x10C3, 0x0000, 0x426B, 0x8430, 0x9D14, 0x9D15, 0x18E4, 0x0000, 0x0021,
  0x29EA, 0x0883, 0x0000, 0x0000, 0x29CA, 0x2A0B, 0x29CA, 0x08A4, 0x0000, 0x0000, 0x9515, 0x9D35,
  0x0000, 0x31E8, 0xA577, 0xC65A, 0xDF1C, 0x31A6, 0x0000, 0x0000, 0x0063, 0x1128, 0x19CC, 0x118B,
  0x1129, 0x08C6, 0x0043, 0x0000, 0x0000, 0x0000, 0x0000, 0x0000, 0x0000, 0x0000, 0x0000, 0x0000,
  0x0000, 0x0000, 0x0000, 0x0000, 0x0000, 0x0000, 0x0000, 0x0000, 0x0062, 0x0126, 0x09CA, 0x1A8F,
  0x2334, 0x1AF4, 0x1251, 0x094A, 0x0063, 0x0021, 0x0000, 0x0000, 0x0000, 0x0000, 0x0000, 0x0000,
  0x0000, 0x0000, 0x1311, 0x3EDF, 0x4D98, 0x10E4, 0x0000, 0x0882, 0x2167, 0x1946, 0x1946, 0x1946,
  0x1946, 0x2146, 0x2146, 0x2146, 0x2146, 0x2146, 0x2166, 0x2166, 0x2167, 0x2167, 0x2167, 0x2167,
  0x2166, 0x2166, 0x2166, 0x2166, 0x2146, 0x2146, 0x1946, 0x1946, 0x1946, 0x1925, 0x1925, 0x1905,
  0x1905, 0x1905, 0x1904, 0x10E4, 0x10E4, 0x10E4, 0x1905, 0x1905, 0x1905, 0x1905, 0x1905, 0x1905,
  0x1925, 0x0041, 0x0021, 0x0883, 0x0000, 0x0000, 0x18E4, 0x3A2B, 0x10E5, 0x10E6, 0x0883, 0x0000,
  0x0000, 0x0000, 0x29EB, 0x324C, 0x29EB, 0x0020, 0x0000, 0x0000, 0x7432, 0x6BD1, 0x0000, 0x0041,
  0x1969, 0x08C6, 0x428C, 0x8CD4, 0x10C3, 0x0000, 0x0000, 0x0000, 0x0000, 0x0021, 0x0063, 0x00A5,
  0x00E6, 0x0907, 0x0107, 0x0929, 0x098B, 0x11ED, 0x1AB1, 0x2B54, 0x33B4, 0x4C56, 0x5496, 0x5CF6,
  0x6D58, 0x75BA, 0x865B, 0x8EBC, 0x8F1F, 0x76FF, 0x565F, 0x4DDE, 0x34FB, 0x23B7, 0x1250, 0x00A6,
  0x0000, 0x0000, 0x0000, 0x0000, 0x0042, 0x0106, 0x01ED, 0x0063, 0x0000, 0x0021, 0x0000, 0x0000,
  0x0C39, 0x0D3F, 0x3E9F, 0x33F3, 0x0000, 0x0041, 0x2167, 0x2146, 0x2146, 0x2146, 0x2166, 0x2166,
  0x2166, 0x2166, 0x2167, 0x2166, 0x2167, 0x2167, 0x2167, 0x2167, 0x2167, 0x2167, 0x2167, 0x2167,
  0x2166, 0x2166, 0x2166, 0x2146, 0x2146, 0x2146, 0x2146, 0x1926, 0x1925, 0x1925, 0x1905, 0x1905,
  0x1904, 0x18E4, 0x10E4, 0x10E4, 0x1905, 0x1905, 0x1905, 0x1905, 0x1905, 0x1905, 0x1905, 0x0041,
  0x0000, 0x10A4, 0x0020, 0x0021, 0x0000, 0x0000, 0x322C, 0x10C5, 0x0000, 0x0000, 0x0000, 0x0000,
  0x2168, 0x42AF, 0x2168, 0x0000, 0x0000, 0x0000, 0x7434, 0x52ED, 0x0000, 0x0041, 0x1969, 0x1969,
  0x08E7, 0x1948, 0x10A4, 0x0000, 0x0021, 0x0000, 0x0000, 0x0000, 0x0000, 0x0000, 0x0000, 0x0000,
  0x0000, 0x0000, 0x0000, 0x0022, 0x00A5, 0x0969, 0x1A0D, 0x2AAF, 0x3B51, 0x43F3, 0x43F3, 0x4C14,
  0x4C34, 0x43B1, 0x2AAD, 0x11A9, 0x00E6, 0x0043, 0x0000, 0x0000, 0x0000, 0x0082, 0x0967, 0x01EA,
  0x02D0, 0x03D5, 0x047A, 0x049C, 0x047C, 0x0107, 0x0000, 0x0001, 0x0001, 0x00C6, 0x0C9A, 0x157F,
  0x14BA, 0x122C, 0x0000, 0x0021, 0x1946, 0x2167, 0x2167, 0x2167, 0x2167, 0x2167, 0x2167, 0x2167,
  0x2167, 0x2167, 0x2167, 0x2167, 0x2187, 0x2187, 0x2187, 0x2187, 0x2187, 0x2167, 0x2167, 0x2167,
  0x2167, 0x2166, 0x2146, 0x2146, 0x2146, 0x1946, 0x1926, 0x1925, 0x1905, 0x1905, 0x1905, 0x1905,
  0x10E4, 0x10E4, 0x1905, 0x1905, 0x1905, 0x1905, 0x1905, 0x1905, 0x1905, 0x0862, 0x0000, 0x08A4,
  0x0000, 0x0000, 0x0000, 0x0000, 0x2A0B, 0x0862, 0x0000, 0x0000, 0x0000, 0x0000, 0x0000, 0x10C4,
  0x0021, 0x0000, 0x0000, 0x0000, 0x530F, 0x1905, 0x0000, 0x0841, 0x73D1, 0x5B50, 0x322C, 0x196A,
  0x08C6, 0x0000, 0x0000, 0x0000, 0x0000, 0x0000, 0x00C6, 0x018B, 0x028F, 0x0AD0, 0x0A8D, 0x126C,
  0x120A, 0x11A8, 0x0925, 0x08E3, 0x08C2, 0x08A2, 0x08C2, 0x08A2, 0x00A2, 0x08A3, 0x08E3, 0x1125,
  0x1967, 0x29E8, 0x3A8B, 0x4B8F, 0x5473, 0x5557, 0x5DFA, 0x461D, 0x2E1F, 0x1E1F, 0x15BF, 0x0D3F,
  0x04DE, 0x045C, 0x049E, 0x022E, 0x0085, 0x014A, 0x01CC, 0x0AF2, 0x09EB, 0x0146, 0x0021, 0x0000,
  0x0000, 0x0841, 0x2167, 0x2167, 0x2167, 0x2167, 0x2167, 0x2187, 0x2167, 0x2187, 0x2187, 0x2187,
  0x2187, 0x2187, 0x2987, 0x2987, 0x2987, 0x2987, 0x2187, 0x2987, 0x2187, 0x2167, 0x2167, 0x2167,
  0x2166, 0x2166, 0x2166, 0x2146, 0x2146, 0x1925, 0x1925, 0x1925, 0x1905, 0x1905, 0x1905, 0x1904,
  0x1905, 0x1905, 0x1905, 0x1905, 0x1905, 0x1905, 0x1905, 0x10C4, 0x0000, 0x0862, 0x1948, 0x10C5,
  0x0862, 0x1947, 0x2168, 0x0000, 0x0000, 0x0000, 0x0000, 0x0000, 0x0000, 0x0000, 0x0000, 0x0000,
  0x0000, 0x08A3, 0x21A9, 0x0000, 0x0000, 0x0882, 0xC6BC, 0xEFBF, 0xDF1C, 0xADD8, 0x7C32, 0x0021,
  0x0000, 0x0000, 0x0000, 0x0000, 0x0000, 0x0021, 0x00E6, 0x024D, 0x1393, 0x1C76, 0x35DC, 0x4EDF,
  0x5F3F, 0x777F, 0x879F, 0x8FBF, 0xAFFF, 0xC7FF, 0xDFFF, 0xE7FF, 0xE7FF, 0xE7FF, 0xE7FF, 0xDFFF,
  0xD7FF, 0xD7FF, 0xC7FF, 0xB7FF, 0x9FFF, 0x5F3F, 0x369F, 0x263F, 0x15DF, 0x0D7F, 0x055E, 0x049B,
  0x03B5, 0x01AA, 0x0083, 0x0083, 0x0042, 0x0000, 0x0000, 0x0000, 0x0000, 0x0000, 0x0000, 0x0862,
  0x29A8, 0x2187, 0x2167, 0x2187, 0x2187, 0x2187, 0x2987, 0x2987, 0x2987, 0x2987, 0x2987, 0x2987,
  0x2987, 0x2987, 0x29A7, 0x2987, 0x2987, 0x2987, 0x2187, 0x2187, 0x2187, 0x2167, 0x2167, 0x2167,
  0x2166, 0x2146, 0x2146, 0x1946, 0x1926, 0x1925, 0x1925, 0x1905, 0x1905, 0x1905, 0x1925, 0x1925,
  0x1925, 0x1905, 0x1925, 0x1905, 0x1905, 0x1905, 0x0862, 0x0000, 0x0042, 0x1926, 0x1947, 0x10E5,
  0x0000, 0x0000, 0x0000, 0x0000, 0x0000, 0x0000, 0x0000, 0x0000, 0x0000, 0x0000, 0x0000, 0x1968,
  0x10A4, 0x0000, 0x0000, 0x08A3, 0x7413, 0xA556, 0xEF7D, 0xFFFF, 0xFFFF, 0x1904, 0x1106, 0x10E5,
  0x0000, 0x0000, 0x0000, 0x0000, 0x0000, 0x0000, 0x0000, 0x0000, 0x0000, 0x0083, 0x0967, 0x124A,
  0x2AEE, 0x3390, 0x43F2, 0x4C73, 0x5C92, 0x74F4, 0x8598, 0x9E7B, 0xAEDC, 0xA6DC, 0x96BC, 0x96BC,
  0x8E7B, 0x7E3A, 0x65B9, 0x34D6, 0x1C34, 0x1392, 0x0ACE, 0x020A, 0x0106, 0x0062, 0x0000, 0x0000,
  0x0000, 0x0000, 0x0000, 0x0000, 0x0000, 0x0000, 0x0863, 0x31EA, 0x3A08, 0x0000, 0x0862, 0x29A8,
  0x29A7, 0x2987, 0x2987, 0x2987, 0x2987, 0x2987, 0x2987, 0x29A7, 0x29A7, 0x29A7, 0x29A8, 0x29A8,
  0x29A8, 0x29A8, 0x29A8, 0x29A7, 0x29A7, 0x2987, 0x2987, 0x2187, 0x2187, 0x2167, 0x2167, 0x2166,
  0x2146, 0x2146, 0x2146, 0x1926, 0x1925, 0x1925, 0x1905, 0x1905, 0x1925, 0x1925, 0x1925, 0x1925,
  0x1925, 0x1905, 0x1905, 0x1905, 0x1905, 0x0841, 0x0000, 0x0000, 0x0000, 0x0000, 0x0000, 0x0000,
  0x0000, 0x0000, 0x0000, 0x0000, 0x0000, 0x0000, 0x0000, 0x0000, 0x0000, 0x0042, 0x0000, 0x0000,
  0x0000, 0x29A8, 0x4AEF, 0x29CA, 0x42AD, 0x8CD4, 0xD6FC, 0x39E8, 0x1106, 0x42EF, 0x0883, 0x0000,
  0x0000, 0x0000, 0x0000, 0x0000, 0x0000, 0x0000, 0x0000, 0x0000, 0x0000, 0x0000, 0x0000, 0x0000,
  0x0000, 0x0000, 0x40C7, 0x2885, 0x0000, 0x0000, 0x0000, 0x0041, 0x0041, 0x0021, 0x0021, 0x0001,
  0x0000, 0x0000, 0x0000, 0x0000, 0x0000, 0x0000, 0x0000, 0x0000, 0x0000, 0x0000, 0x0000, 0x0000,
  0x0020, 0x0000, 0x0000, 0x0021, 0x08A5, 0x2168, 0xBE5A, 0xB5B7, 0x0861, 0x0021, 0x29C8, 0x29A8,
  0x2987, 0x29A7, 0x29A7, 0x29A8, 0x29A8, 0x29A8, 0x29A8, 0x29A8, 0x29A8, 0x29A8, 0x29A8, 0x29A8,
  0x29A8, 0x29A8, 0x29A8, 0x29A8, 0x29A7, 0x2987, 0x2187, 0x2187, 0x2187, 0x2167, 0x2166, 0x2146,
  0x2146, 0x2146, 0x1946, 0x1925, 0x1925, 0x1905, 0x1925, 0x1925, 0x1925, 0x1925, 0x1925, 0x1925,
  0x1925, 0x1905, 0x1905, 0x1926, 0x10A4, 0x0842, 0x0000, 0x0062, 0x0084, 0x0000, 0x0000, 0x0000,
  0x0000, 0x0000, 0x0000, 0x0000, 0x0000, 0x0000, 0x0969, 0x0907, 0x0000, 0x0000, 0x0000, 0x42CE,
  0x322C, 0x29CA, 0x320B, 0x29EB, 0x42CE, 0x10C4, 0x10C4, 0x5330, 0x2168, 0x0000, 0x0000, 0x0000,
  0x0000, 0x0000, 0x0000, 0x0000, 0x0000, 0x0000, 0x0000, 0x0000, 0x0000, 0x2083, 0x79AD, 0xE317,
  0xFB9A, 0xFBDB, 0xD316, 0x696A, 0x0821, 0x0000, 0x0000, 0x0000, 0x0000, 0x0000, 0x0000, 0x0000,
  0x0001, 0x0021, 0x0021, 0x0000, 0x0000, 0x0000, 0x0000, 0x0000, 0x31E8, 0x9536, 0x6B8F, 0x0000,
  0x0000, 0x0022, 0x0864, 0x0000, 0x1083, 0xDEFC, 0xDEFB, 0x18C3, 0x0882, 0x31C9, 0x29A8, 0x29A8,
  0x29A8, 0x29A8, 0x29A8, 0x29C8, 0x29C8, 0x29C8, 0x29C8, 0x29C8, 0x29C8, 0x29C8, 0x29C8, 0x29C8,
  0x29A8, 0x29A8, 0x29A8, 0x29A7, 0x2987, 0x2987, 0x2987, 0x2187, 0x2167, 0x2166, 0x2166, 0x2166,
  0x2146, 0x1946, 0x1925, 0x1925, 0x2126, 0x2126, 0x2126, 0x2126, 0x1926, 0x1926, 0x1925, 0x1925,
  0x1925, 0x1905, 0x1926, 0x1926, 0x0841, 0x0041, 0x02F3, 0x0270, 0x0062, 0x0000, 0x0000, 0x0000,
  0x0000, 0x0000, 0x00C6, 0x0291, 0x09AC, 0x0000, 0x0000, 0x0000, 0x1926, 0x42CF, 0x1107, 0x2189,
  0x29CA, 0x322B, 0x324C, 0x0000, 0x10E5, 0x5331, 0x29A9, 0x0000, 0x0000, 0x0000, 0x0000, 0x0000,
  0x0000, 0x0000, 0x0000, 0x0000, 0x0801, 0x5909, 0xBA33, 0xFB19, 0xEAF8, 0x712B, 0x2023, 0x3044,
  0xAA31, 0xFB9B, 0xEB38, 0x79AD, 0x1042, 0x0000, 0x0000, 0x0000, 0x0001, 0x0001, 0x0001, 0x0022,
  0x0022, 0x0000, 0x0000, 0x0000, 0x0041, 0x1148, 0x63B1, 0xB63B, 0x7C74, 0x0000, 0x0000, 0x0863,
  0x1107, 0x1948, 0x1948, 0x4AAD, 0xD69A, 0x8C93, 0x0000, 0x18E4, 0x31E9, 0x29A8, 0x29C8, 0x29A8,
  0x29C8, 0x29C8, 0x29C8, 0x29C8, 0x29C8, 0x29C8, 0x31C8, 0x29C8, 0x29C8, 0x29C8, 0x29C8, 0x29C8,
  0x29A8, 0x29A8, 0x29A8, 0x29A8, 0x29A8, 0x2187, 0x2187, 0x2187, 0x2167, 0x2166, 0x2166, 0x2146,
  0x2146, 0x1946, 0x2146, 0x2146, 0x2146, 0x2146, 0x2146, 0x2146, 0x1946, 0x1946, 0x1926, 0x1926,
  0x1926, 0x1926, 0x1105, 0x0000, 0x0042, 0x0B34, 0x147B, 0x0BD8, 0x0AF4, 0x0AB3, 0x0B36, 0x0B58,
  0x0AF6, 0x016A, 0x0000, 0x0000, 0x0000, 0x0042, 0x324D, 0x10E6, 0x1107, 0x1948, 0x2189, 0x29EB,
  0x2168, 0x0000, 0x2167, 0x4AEF, 0x2168, 0x0000, 0x0000, 0x0000, 0x0000, 0x0000, 0x0000, 0x0000,
  0x2063, 0x816C, 0xEA97, 0xFB1B, 0xDA75, 0x714B, 0x0821, 0x5B4D, 0xC658, 0x73CF, 0x0040, 0x38C6,
  0xC294, 0xFB7C, 0xFB19, 0x89CE, 0x2063, 0x0000, 0x0000, 0x0002, 0x0002, 0x0022, 0x0023, 0x0001,
  0x0000, 0x0000, 0x08E6, 0x198A, 0x08E7, 0x6BF2, 0x9DB9, 0x10C3, 0x0000, 0x0000, 0x0000, 0x0000,
  0x0020, 0x0000, 0x0000, 0x0021, 0x0000, 0x0000, 0x2166, 0x31E9, 0x31C8, 0x31C8, 0x31C8, 0x31C8,
  0x31C8, 0x31E8, 0x31E9, 0x31E9, 0x31E9, 0x31E9, 0x31E9, 0x31E9, 0x31E9, 0x29C8, 0x29C8, 0x29C8,
  0x29A8, 0x29A8, 0x29A8, 0x29A8, 0x2987, 0x2187, 0x2187, 0x2167, 0x2167, 0x2166, 0x2146, 0x2146,
  0x2146, 0x2146, 0x2166, 0x2166, 0x2166, 0x2166, 0x2146, 0x2146, 0x2146, 0x1946, 0x1946, 0x1926,
  0x1967, 0x10C4, 0x0000, 0x0000, 0x00E6, 0x0A90, 0x1396, 0x1397, 0x0AF3, 0x016A, 0x0021, 0x0000,
  0x0000, 0x0000, 0x0041, 0x1969, 0x08A4, 0x0023, 0x08A5, 0x1107, 0x1948, 0x218A, 0x0862, 0x0000,
  0x29EA, 0x3A8E, 0x1906, 0x0000, 0x0000, 0x0000, 0x0000, 0x0000, 0x3885, 0xA16F, 0xFA57, 0xFAB9,
  0xA18F, 0x3044, 0x0000, 0x0000, 0x2166, 0xFFFF, 0xFFFF, 0xFFFF, 0x6B6E, 0x0000, 0x0001, 0x38C6,
  0xAA31, 0xFB9B, 0xFB9B, 0xA231, 0x30C5, 0x0000, 0x0001, 0x0023, 0x0043, 0x0021, 0x0000, 0x0000,
  0x08C6, 0x1107, 0x1128, 0x1969, 0x7412, 0x1082, 0x0020, 0x2166, 0x2187, 0x1927, 0x1968, 0x1968,
  0x29A9, 0x29C8, 0x1904, 0x0000, 0x0021, 0x31E9, 0x3209, 0x31C8, 0x31E9, 0x31E9, 0x31E9, 0x31E9,
  0x31E9, 0x31E9, 0x31E9, 0x3209, 0x31E9, 0x31E9, 0x31E9, 0x31E9, 0x29E9, 0x29C8, 0x29C8, 0x29C8,
  0x29C8, 0x29A8, 0x29A8, 0x29A7, 0x2987, 0x2187, 0x2167, 0x2166, 0x2166, 0x2146, 0x2167, 0x2167,
  0x2167, 0x2167, 0x2167, 0x2167, 0x2167, 0x2167, 0x2167, 0x2167, 0x2147, 0x1947, 0x1947, 0x1967,
  0x08A3, 0x0000, 0x0000, 0x0000, 0x0000, 0x0000, 0x0000, 0x0000, 0x0000, 0x0000, 0x0000, 0x0000,
  0x08C5, 0x0863, 0x0000, 0x0022, 0x0043, 0x0084, 0x08C6, 0x08A4, 0x0000, 0x10C4, 0x320C, 0x322C,
  0x0041, 0x0000, 0x0000, 0x0000, 0x0000, 0x0000, 0xD1D3, 0xFA36, 0x710A, 0x1001, 0x1903, 0x31E7,
  0x0001, 0x0000, 0x3187, 0xFFFF, 0xF79E, 0xFFDF, 0xCE7A, 0x3187, 0x0000, 0x0000, 0x0000, 0x2885,
  0x9A10, 0xF339, 0xFB7B, 0xB273, 0x2885, 0x0022, 0x0064, 0x0043, 0x0000, 0x0000, 0x08A5, 0x1107,
  0x1107, 0x0042, 0x0000, 0x4ACC, 0xD6DC, 0xEFBF, 0xA5DA, 0x4AEF, 0x21CB, 0x2A2C, 0x3A6E, 0x4B10,
  0x84D6, 0x3A29, 0x0000, 0x10E4, 0x3A2A, 0x31E8, 0x31E9, 0x3209, 0x3209, 0x3209, 0x3209, 0x3209,
  0x3209, 0x3209, 0x3209, 0x3209, 0x3209, 0x3209, 0x31E9, 0x31E9, 0x29E9, 0x29C9, 0x29C9, 0x29C8,
  0x29A8, 0x29A8, 0x29A8, 0x29A7, 0x2187, 0x2187, 0x2167, 0x2166, 0x2187, 0x2187, 0x2187, 0x2187,
  0x2987, 0x2987, 0x2187, 0x2187, 0x2187, 0x2187, 0x2187, 0x2167, 0x2167, 0x2167, 0x2168, 0x10C4,
  0x0000, 0x0000, 0x0000, 0x0041, 0x0883, 0x0883, 0x08A4, 0x0884, 0x0041, 0x0000, 0x0000, 0x0000,
  0x0000, 0x0000, 0x0022, 0x0022, 0x0000, 0x0000, 0x0021, 0x21AA, 0x29EB, 0x10C4, 0x0000, 0x0000,
  0x0000, 0x0000, 0x0000, 0x0000, 0xE235, 0xA1AF, 0x0000, 0x2965, 0xEF5D, 0xFFFF, 0x94B3, 0x3187,
  0xA557, 0x73B0, 0x2945, 0x39C7, 0x6B6F, 0xAD98, 0x94D4, 0x18E4, 0x10A3, 0x0000, 0x0000, 0x0821,
  0x81AE, 0xFBFE, 0x79EE, 0x0001, 0x0064, 0x0064, 0x0000, 0x0000, 0x0062, 0x08C6, 0x0000, 0x0021,
  0x29CA, 0x5351, 0xA577, 0x7BF0, 0x2986, 0x0862, 0x0021, 0x08A3, 0x10E5, 0x10C5, 0x426C, 0x8CD4,
  0x0882, 0x0020, 0x31C8, 0x3A4A, 0x31E9, 0x3209, 0x3209, 0x3209, 0x3A29, 0x3A2A, 0x322A, 0x322A,
  0x322A, 0x320A, 0x320A, 0x320A, 0x3209, 0x31E9, 0x31E9, 0x31E9, 0x31E9, 0x29E9, 0x29C8, 0x29C8,
  0x29A8, 0x29A8, 0x29A8, 0x2187, 0x2187, 0x2187, 0x2987, 0x29A7, 0x29A8, 0x29A8, 0x29A8, 0x29A8,
  0x29A8, 0x29A8, 0x29A8, 0x29A8, 0x21A8, 0x2188, 0x2188, 0x2188, 0x2188, 0x21A8, 0x1105, 0x0000,
  0x0000, 0x08A4, 0x324D, 0x3A8F, 0x324D, 0x21CB, 0x19AA, 0x08C5, 0x0000, 0x0000, 0x0000, 0x0000,
  0x0000, 0x0000, 0x0000, 0x0021, 0x1969, 0x10E6, 0x0863, 0x0000, 0x0000, 0x0000, 0x0000, 0x0000,
  0x0000, 0x0000, 0xEA77, 0x91AF, 0x0000, 0xBDD7, 0xFFFF, 0xFFDF, 0xFFFF, 0x7C11, 0x10C3, 0x0000,
  0x0000, 0x0000, 0x0000, 0x0041, 0x8432, 0xD6BB, 0xE73D, 0xBDF8, 0x2125, 0x0000, 0x1885, 0xFBBE,
  0x79CE, 0x0001, 0x0064, 0x0064, 0x0000, 0x0000, 0x0000, 0x0000, 0x0000, 0x324D, 0x326D, 0x08A4,
  0x0000, 0x0000, 0x0000, 0x0000, 0x0000, 0x0000, 0x0000, 0x0000, 0x0000, 0x0000, 0x0000, 0x0000,
  0x0861, 0x31E9, 0x426B, 0x3A2A, 0x3A2A, 0x3A2A, 0x3A2A, 0x3A2A, 0x3A2A, 0x3A2A, 0x3A2A, 0x3A2A,
  0x3A2A, 0x322A, 0x322A, 0x322A, 0x3209, 0x3209, 0x320A, 0x31E9, 0x31E9, 0x29E9, 0x29C8, 0x29C8,
  0x29C8, 0x29A8, 0x29A7, 0x2187, 0x29A8, 0x29C8, 0x29C8, 0x29C8, 0x29C8, 0x29C9, 0x29C9, 0x29C9,
  0x29C9, 0x29C9, 0x29C9, 0x29C9, 0x29A8, 0x21A8, 0x21A8, 0x21A8, 0x21A9, 0x2167, 0x0862, 0x0000,
  0x0020, 0x2189, 0x326E, 0x324D, 0x2A0C, 0x21EB, 0x218A, 0x10E5, 0x0021, 0x0000, 0x0000, 0x0883,
  0x0063, 0x08C5, 0x0042, 0x0000, 0x0000, 0x0020, 0x0000, 0x0000, 0x0000, 0x0000, 0x0000, 0x0821,
  0xF277, 0x898E, 0x0000, 0xBDD8, 0xFFFF, 0xFFFF, 0xD6BB, 0x73F1, 0x9D16, 0x73B0, 0x2145, 0x0000,
  0x0021, 0x0000, 0x0000, 0xCE59, 0xFFFF, 0xFFFF, 0x9CD4, 0x0000, 0x2086, 0xFBBE, 0x79CE, 0x0000,
  0x0064, 0x0064, 0x0000, 0x0000, 0x0000, 0x0021, 0x2A0B, 0x29EB, 0x0020, 0x0000, 0x0000, 0x0000,
  0x0000, 0x2145, 0x6B6E, 0xAD96, 0xC659, 0xC639, 0xC639, 0xC638, 0x8451, 0x39C7, 0x0000, 0x0000,
  0x2125, 0x426B, 0x426B, 0x3A2A, 0x3A4A, 0x3A4B, 0x3A4B, 0x3A4B, 0x3A4B, 0x3A4B, 0x3A4B, 0x3A4B,
  0x3A4A, 0x322A, 0x322A, 0x322A, 0x322A, 0x320A, 0x3209, 0x31E9, 0x31E9, 0x29E9, 0x29C8, 0x29C8,
  0x29A8, 0x29A8, 0x29C8, 0x29C8, 0x29E9, 0x29E9, 0x31E9, 0x31E9, 0x31E9, 0x31E9, 0x29E9, 0x29E9,
  0x29E9, 0x29E9, 0x29E9, 0x29E9, 0x29C9, 0x29C9, 0x21A9, 0x29C9, 0x29C9, 0x1906, 0x0021, 0x0000,
  0x0883, 0x2189, 0x2A0C, 0x324D, 0x2A2D, 0x2A2D, 0x21CB, 0x1106, 0x10C5, 0x1106, 0x0041, 0x0862,
  0x3A09, 0x2945, 0x0000, 0x0000, 0x0000, 0x0000, 0x0000, 0x0000, 0x0000, 0x1822, 0xFA77, 0x898E,
  0x0000, 0x2946, 0xB5D7, 0xC65A, 0x1904, 0x0000, 0x39C8, 0x7C12, 0x73D1, 0x8C72, 0xCE7A, 0xBE18,
  0xB5D8, 0xF7DF, 0xFFFF, 0xFFFF, 0xAD76, 0x0000, 0x1865, 0xF37D, 0x79AF, 0x0000, 0x0064, 0x0064,
  0x0000, 0x0000, 0x0000, 0x2188, 0x322C, 0x0000, 0x0000, 0x0000, 0x0000, 0x0862, 0x52EE, 0x8C93,
  0x7BF0, 0x4A6A, 0x39C7, 0x39C7, 0x31C7, 0x528A, 0x94B2, 0xD6DB, 0xBDF7, 0x39E7, 0x0000, 0x0882,
  0x3A4A, 0x42AC, 0x3A6B, 0x3A6B, 0x3A6B, 0x3A6B, 0x3A6B, 0x3A6B, 0x3A6B, 0x3A6B, 0x3A6B, 0x3A4B,
  0x3A4B, 0x3A4B, 0x3A4B, 0x322A, 0x322A, 0x320A, 0x3209, 0x3209, 0x29E9, 0x29C8, 0x29C8, 0x29C8,
  0x31E9, 0x31E9, 0x3209, 0x3209, 0x320A, 0x320A, 0x322A, 0x320A, 0x322A, 0x322A, 0x320A, 0x320A,
  0x320A, 0x320A, 0x2A0A, 0x29EA, 0x29EA, 0x29EA, 0x29EA, 0x2A0A, 0x29C9, 0x1926, 0x0020, 0x0000,
  0x0021, 0x1106, 0x2189, 0x1906, 0x0062, 0x0000, 0x0000, 0x0000, 0x0000, 0x1925, 0x9D15, 0xEF9E,
  0xD69A, 0x5B0C, 0x0000, 0x0000, 0x0000, 0x0000, 0x0000, 0x1842, 0xFA78, 0x816E, 0x0000, 0x0001,
  0x0001, 0x94D4, 0x0861, 0x0000, 0x0000, 0x0000, 0x2125, 0xF7BF, 0xFFFF, 0xFFFF, 0x6B8F, 0x4A6A,
  0xAD55, 0xAD76, 0x31A8, 0x0001, 0x1064, 0xDB1C, 0x79D0, 0x0001, 0x0064, 0x0064, 0x0000, 0x0000,
  0x0000, 0x0041, 0x0021, 0x0000, 0x0000, 0x0000, 0x0862, 0x2A0B, 0x2146, 0x0062, 0x08A5, 0x1947,
  0x0883, 0x0000, 0x0000, 0x4AAC, 0x1925, 0x0841, 0x7C10, 0xF7BF, 0x8C92, 0x0000, 0x0041, 0x424A,
  0x4ACC, 0x426B, 0x428B, 0x428B, 0x428C, 0x428C, 0x3A8C, 0x3A8C, 0x3A8C, 0x3A6B, 0x3A6B, 0x3A6B,
  0x3A6B, 0x3A4B, 0x322A, 0x322A, 0x320A, 0x320A, 0x3209, 0x29E9, 0x29E9, 0x29C8, 0x320A, 0x320A,
  0x322A, 0x322A, 0x322A, 0x324B, 0x324B, 0x324B, 0x324B, 0x324B, 0x324B, 0x324B, 0x324B, 0x322B,
  0x322B, 0x322B, 0x322B, 0x322B, 0x2A0A, 0x2A0A, 0x2A0A, 0x2A0B, 0x29EA, 0x1946, 0x0862, 0x0000,
  0x0000, 0x0000, 0x10A2, 0x4A6A, 0x7C10, 0x8C51, 0x6B6D, 0x2986, 0x0000, 0x18E3, 0x9D14, 0xFFFF,
  0xCE7A, 0x39C7, 0x0000, 0x0000, 0x0000, 0x1042, 0xF257, 0x714C, 0x0001, 0x0844, 0x0000, 0xB5D7,
  0x528B, 0x0000, 0x2987, 0xA536, 0x94D5, 0x4A8B, 0x7BCF, 0x424A, 0x0001, 0x0002, 0x0001, 0x0002,
  0x0002, 0x0002, 0x0844, 0xB31D, 0x71D1, 0x0001, 0x0064, 0x0064, 0x0000, 0x0000, 0x0000, 0x0000,
  0x0000, 0x0000, 0x0000, 0x0041, 0x10E6, 0x0021, 0x08A5, 0x21AA, 0x324C, 0x324C, 0x322C, 0x0000,
  0x73D0, 0xFFFF, 0xF7DF, 0x6BAF, 0x0000, 0x4249, 0xFFFF, 0xB5D6, 0x0861, 0x0041, 0x3A4A, 0x4ACD,
  0x42AC, 0x42AC, 0x42AC, 0x42AC, 0x42AD, 0x42AC, 0x42AC, 0x428C, 0x3A8C, 0x3A8C, 0x3A8C, 0x3A6B,
  0x3A4B, 0x3A4B, 0x322A, 0x322A, 0x322A, 0x3209, 0x3209, 0x31E9, 0x322A, 0x322A, 0x324A, 0x3A4B,
  0x3A4B, 0x3A6B, 0x3A6B, 0x3A6B, 0x3A6C, 0x3A6C, 0x3A6C, 0x3A6C, 0x3A6C, 0x3A6C, 0x326C, 0x326C,
  0x326C, 0x326C, 0x324C, 0x324B, 0x322B, 0x2A0A, 0x324B, 0x2A0A, 0x0882, 0x0000, 0x3A08, 0xB5D7,
  0xEF7D, 0xE73D, 0xEF5D, 0xFFFF, 0xFFFF, 0xFFFF, 0xDEDB, 0x634D, 0x0000, 0x39C7, 0xE73C, 0xFFFF,
  0x6B4D, 0x0000, 0x0000, 0x1022, 0xEA57, 0x712C, 0x0002, 0x0003, 0x52AC, 0xEF7E, 0xD6BB, 0x4A8C,
  0x73F1, 0x52CC, 0x0863, 0x0000, 0x0000, 0x0000, 0x0064, 0x0064, 0x0064, 0x0043, 0x0043, 0x0022,
  0x0865, 0x9AFE, 0x59B1, 0x0001, 0x0064, 0x0064, 0x0020, 0x0000, 0x0000, 0x0000, 0x2145, 0x52AB,
  0x10A3, 0x0863, 0x0021, 0x0883, 0x1148, 0x3A2B, 0x29EA, 0x29EA, 0x2A0B, 0x0000, 0x52CC, 0xF79E,
  0xFFFF, 0xDF1C, 0x08A3, 0x0000, 0x8CB4, 0xCEDC, 0x94D3, 0x0020, 0x0861, 0x4ACC, 0x4AED, 0x42CD,
  0x42CD, 0x42CD, 0x42CD, 0x42CD, 0x42CD, 0x42AD, 0x42AD, 0x42AD, 0x42AC, 0x3A8C, 0x3A8C, 0x3A6B,
  0x3A4B, 0x3A4B, 0x324B, 0x322A, 0x320A, 0x3209, 0x324B, 0x3A4B, 0x3A4B, 0x3A6B, 0x3A6C, 0x3A8C,
  0x3A8C, 0x3A8C, 0x3A8C, 0x3AAD, 0x3AAD, 0x3AAD, 0x3AAD, 0x3AAD, 0x3AAD, 0x3AAD, 0x3AAD, 0x3A8D,
  0x3A8D, 0x3A8C, 0x326C, 0x326C, 0x2A0A, 0x0841, 0x0000, 0x94B3, 0xF7BF, 0x9492, 0x2965, 0x2986,
  0x52AB, 0x52AB, 0x5AEC, 0xC658, 0xFFFF, 0xFFFF, 0xBDF8, 0x0861, 0x0882, 0xC659, 0xFFFF, 0x73CF,
  0x0000, 0x0821, 0xF299, 0x896F, 0x0000, 0x0001, 0xC5D9, 0xFFFF, 0xFFFF, 0xAD77, 0x5AEC, 0x0882,
  0x0000, 0x4A6B, 0x7BF0, 0x2146, 0x0002, 0x0064, 0x0044, 0x0023, 0x0023, 0x0002, 0x0023, 0x535E,
  0x41B2, 0x0001, 0x0064, 0x0022, 0x0000, 0x1082, 0x73AE, 0xDEFC, 0xFFFF, 0xFFFF, 0x2125, 0x0000,
  0x0000, 0x0002, 0x52ED, 0xFFFF, 0xC639, 0x29EA, 0x2189, 0x0883, 0x1127, 0x42AD, 0x5B4F, 0x5B4F,
  0x2188, 0x0000, 0x3A6B, 0x2A4D, 0x52EC, 0x7C31, 0x0000, 0x2146, 0x532E, 0x4AED, 0x42ED, 0x42EE,
  0x4AEE, 0x42EE, 0x42EE, 0x42CE, 0x42CD, 0x42CD, 0x42CD, 0x42AD, 0x3AAC, 0x3A8C, 0x3A6C, 0x3A6C,
  0x3A4B, 0x324A, 0x322A, 0x322A, 0x3A6B, 0x3A6B, 0x3A8C, 0x3A8C, 0x3A8C, 0x3AAD, 0x42AD, 0x42CD,
  0x42CD, 0x42CE, 0x42EE, 0x42EE, 0x42EE, 0x42EE, 0x42EE, 0x42EE, 0x42EE, 0x42EE, 0x42CE, 0x3ACE,
  0x3AAE, 0x3AAD, 0x0883, 0x0000, 0x8451, 0xE75D, 0x31C7, 0x0000, 0x2125, 0xADF9, 0xEF7E, 0xE75D,
  0x9CF3, 0x10A3, 0x52AA, 0xCE59, 0xFFFF, 0xCEBA, 0x0861, 0x10A2, 0xADB7, 0xC6DE, 0x3209, 0x0000,
  0x89AF, 0xF2BA, 0x692C, 0x0821, 0x1924, 0x9CF4, 0x9494, 0x31C9, 0x94B5, 0xA578, 0x9D16, 0xFFFF,
  0xFFFF, 0xE73D, 0x2967, 0x0022, 0x0043, 0x0001, 0x0000, 0x0084, 0x0AB2, 0x243F, 0x331A, 0x0885,
  0x0000, 0x0000, 0x6B8E, 0xEF9E, 0xEF9E, 0xA555, 0x73CF, 0x4A6A, 0x0000, 0x0000, 0x0000, 0x0063,
  0x4ACD, 0xFFDF, 0xFFFF, 0x8CB4, 0x08C5, 0x08A4, 0x2169, 0x2189, 0x2189, 0x2189, 0x2168, 0x0000,
  0x1106, 0x4B51, 0x0041, 0x9D98, 0x10A3, 0x0000, 0x42AD, 0x4B2F, 0x4B0E, 0x4B0E, 0x4B2F, 0x4B2F,
  0x4B0F, 0x4B0E, 0x42EE, 0x42EE, 0x42EE, 0x42CD, 0x42CD, 0x3AAD, 0x3A8C, 0x3A8C, 0x3A6C, 0x324B,
  0x324B, 0x322A, 0x3A6C, 0x3A8C, 0x3AAC, 0x42AD, 0x42CD, 0x42CD, 0x42EE, 0x42EE, 0x42EE, 0x430F,
  0x430F, 0x432F, 0x4330, 0x432F, 0x432F, 0x4330, 0x4330, 0x4330, 0x4310, 0x430F, 0x4330, 0x2188,
  0x0000, 0x3186, 0xB5F8, 0x10A2, 0x0000, 0x0000, 0x5B2E, 0xA599, 0xDF1D, 0xFFFF, 0xFFFF, 0x424A,
  0x0064, 0x10A3, 0x7BF0, 0xADB8, 0x4AAD, 0x0000, 0x0021, 0x4B30, 0x53B4, 0x10A4, 0x0000, 0x99F2,
  0xFB1E, 0xCA79, 0x50EA, 0x0000, 0x0000, 0x0000, 0x0002, 0x0883, 0x94F5, 0xFFFF, 0xFFFF, 0xFFFF,
  0x52AC, 0x0000, 0x0000, 0x00C5, 0x02D1, 0x04BD, 0x0D7F, 0x1C7E, 0x2291, 0x0000, 0x1082, 0xB5B7,
  0xE73C, 0x738E, 0x0020, 0x0000, 0x18E3, 0x0862, 0x0000, 0x0000, 0x0000, 0x0862, 0x1107, 0x426A,
  0x9CD4, 0x4AAC, 0x10C5, 0x0042, 0x10C5, 0x2189, 0x21A9, 0x29AA, 0x1968, 0x0000, 0x10A3, 0x4B0F,
  0x0000, 0x7CB6, 0x31E9, 0x0000, 0x3209, 0x5391, 0x4B2F, 0x4B50, 0x4B50, 0x4B50, 0x4B50, 0x4B2F,
  0x4B2F, 0x4B2F, 0x4B0F, 0x430E, 0x42EE, 0x42CE, 0x42CD, 0x3AAD, 0x3A8C, 0x3A6C, 0x326B, 0x324B,
  0x3AAC, 0x3AAD, 0x42CD, 0x42CD, 0x42EE, 0x42EE, 0x430F, 0x4B2F, 0x4B2F, 0x4B30, 0x4B50, 0x4B70,
  0x4B71, 0x4B71, 0x4B71, 0x4B92, 0x4BB2, 0x5392, 0x4B92, 0x4B71, 0x4331, 0x0862, 0x0000, 0x21A9,
  0x0883, 0x0000, 0x0020, 0x0000, 0x18E4, 0x63B1, 0x7C74, 0xB5D8, 0x8C93, 0x1906, 0x320B, 0x29CA,
  0x08C5, 0x1927, 0x320C, 0x10C4, 0x0000, 0x0000, 0x19EC, 0x220C, 0x0000, 0x0000, 0x510A, 0xCA79,
  0xEAFF, 0xBA9A, 0x596E, 0x1064, 0x0000, 0x0000, 0x10A3, 0xAD97, 0xEF7D, 0x9CD3, 0x0862, 0x0147,
  0x0373, 0x053E, 0x05BF, 0x04BD, 0x0290, 0x08A4, 0x0000, 0x2124, 0xDF1C, 0xAD96, 0x1082, 0x0000,
  0x428C, 0xBE5A, 0xC69B, 0x8D16, 0x42CE, 0x0041, 0x0000, 0x0000, 0x10C4, 0x1927, 0x08A5, 0x10E6,
  0x10E5, 0x0000, 0x0021, 0x10E6, 0x1968, 0x2189, 0x1106, 0x0000, 0x0021, 0x0021, 0x0000, 0x6BF2,
  0x3A6B, 0x0000, 0x1946, 0x5BD2, 0x5391, 0x5391, 0x5391, 0x5391, 0x5371, 0x4B70, 0x4B50, 0x4B50,
  0x4B50, 0x4B2F, 0x430E, 0x42EE, 0x42EE, 0x42CD, 0x3AAD, 0x3A8C, 0x3A6C, 0x3A6B, 0x42CD, 0x42CD,
  0x42EE, 0x42EE, 0x4B0F, 0x4B2F, 0x4B2F, 0x4B50, 0x4B50, 0x4B71, 0x5391, 0x53B2, 0x53B2, 0x53B2,
  0x53F3, 0x53F4, 0x4BD4, 0x3BB4, 0x3374, 0x2355, 0x1270, 0x0000, 0x0000, 0x21AA, 0x10C4, 0x0000,
  0x0000, 0x0000, 0x0000, 0x10A3, 0x3A2A, 0x3A4C, 0x1927, 0x29A9, 0x29EA, 0x29EA, 0x322B, 0x31EA,
  0x29CA, 0x21A9, 0x0021, 0x0000, 0x0883, 0x2A8F, 0x10E6, 0x0000, 0x0000, 0x0821, 0x614E, 0xBA9C,
  0xC2FF, 0x929C, 0x5190, 0x1064, 0x0000, 0x0000, 0x0882, 0x0189, 0x03D7, 0x057F, 0x05BF, 0x047B,
  0x026E, 0x0063, 0x0000, 0x0000, 0x2945, 0xEF5D, 0x8430, 0x0000, 0x0000, 0x0063, 0x42CE, 0x7454,
  0x7C74, 0xB619, 0xD6DC, 0x84B4, 0x10A4, 0x0000, 0x0000, 0x0883, 0x2168, 0x1927, 0x0862, 0x0000,
  0x0000, 0x0000, 0x08C5, 0x1107, 0x0021, 0x0000, 0x0021, 0x0022, 0x0000, 0x4B50, 0x2A0A, 0x0000,
  0x10E5, 0x43D4, 0x53D3, 0x5BF3, 0x5BF3, 0x53D2, 0x53B2, 0x5391, 0x5391, 0x4B71, 0x4B71, 0x4B50,
  0x4B2F, 0x430F, 0x430E, 0x42EE, 0x42CD, 0x3AAD, 0x3A8C, 0x3A8C, 0x42CE, 0x42EE, 0x430E, 0x4B0F,
  0x4B2F, 0x4B50, 0x4B70, 0x4B71, 0x5391, 0x53B2, 0x53B2, 0x53D3, 0x53F4, 0x5C14, 0x4BD5, 0x2B75,
  0x1B35, 0x12F4, 0x0A93, 0x12F5, 0x1270, 0x0000, 0x0020, 0x21EB, 0x10C4, 0x0000, 0x0000, 0x0000,
  0x0000, 0x0000, 0x0000, 0x0041, 0x29AA, 0x29EB, 0x29CA, 0x29CA, 0x29A9, 0x21A9, 0x2189, 0x21CA,
  0x08C5, 0x0000, 0x0000, 0x1948, 0x2A4E, 0x0000, 0x0000, 0x0000, 0x0000, 0x1043, 0x5170, 0x829C,
  0x6B7F, 0x3B5D, 0x0A51, 0x026F, 0x043A, 0x059F, 0x059F, 0x0418, 0x01CB, 0x0021, 0x0000, 0x0000,
  0x0020, 0x0841, 0xC659, 0x6B6D, 0x0000, 0x0020, 0x0000, 0x1927, 0x320B, 0x320B, 0xBE19, 0xFFFF,
  0xFFFF, 0xEFBF, 0x428D, 0x0042, 0x0000, 0x0000, 0x0000, 0x0020, 0x0000, 0x0000, 0x0000, 0x0000,
  0x0000, 0x0000, 0x0000, 0x0000, 0x0042, 0x0021, 0x0000, 0x32AF, 0x1106, 0x0000, 0x00C6, 0x1336,
  0x2355, 0x3374, 0x4BF4, 0x5C34, 0x5C14, 0x53D3, 0x53B2, 0x53B2, 0x5391, 0x4B71, 0x4B50, 0x4B30,
  0x432F, 0x430F, 0x42EE, 0x3ACD, 0x3AAD, 0x3A8D, 0x42EE, 0x430E, 0x4B2F, 0x4B2F, 0x4B50, 0x4B71,
  0x5391, 0x53B2, 0x53B2, 0x53D3, 0x53F3, 0x5C14, 0x5C35, 0x3395, 0x1B35, 0x0AB4, 0x1AF4, 0x5416,
  0x9579, 0xCEBC, 0x9D56, 0x0000, 0x0021, 0x2A0C, 0x08A4, 0x0000, 0x0000, 0x0000, 0x0000, 0x0000,
  0x0000, 0x0000, 0x0021, 0x10E5, 0x2168, 0x21AA, 0x29CA, 0x21AA, 0x2189, 0x2189, 0x1127, 0x0000,
  0x0000, 0x0041, 0x2A4E, 0x10C5, 0x0000, 0x0000, 0x0000, 0x0000, 0x0000, 0x0843, 0x1A31, 0x141D,
  0x0D1F, 0x055F, 0x051F, 0x0375, 0x0168, 0x0000, 0x0000, 0x0000, 0x0000, 0x0000, 0x0000, 0x5B2E,
  0x52EC, 0x0000, 0x0020, 0x0000, 0x0021, 0x29EB, 0x322B, 0x2189, 0xA556, 0xFFFF, 0xFFFF, 0xD6DC,
  0x320B, 0x29A9, 0x0021, 0x0000, 0x0000, 0x0000, 0x0000, 0x0000, 0x0000, 0x0000, 0x0000, 0x0000,
  0x0000, 0x08A4, 0x08C5, 0x0000, 0x0042, 0x3312, 0x0041, 0x0000, 0x21EA, 0x3BF8, 0x12F4, 0x1315,
  0x1B55, 0x33B5, 0x5435, 0x5C34, 0x53F3, 0x53D3, 0x53D3, 0x5392, 0x4B71, 0x4B71, 0x4B50, 0x432F,
  0x430F, 0x42CE, 0x3ACD, 0x3AAD, 0x430F, 0x4B2F, 0x4B50, 0x4B70, 0x5391, 0x5391, 0x53B2, 0x53D2,
  0x53F3, 0x5BF4, 0x5C35, 0x5C55, 0x3375, 0x1B14, 0x1AD3, 0x74D8, 0xD71D, 0xFFFF, 0xFFFF, 0xFFFF,
  0xCE9A, 0x0000, 0x0000, 0x21EB, 0x10E5, 0x0000, 0x0000, 0x0000, 0x0000, 0x0000, 0x0000, 0x0000,
  0x0000, 0x0000, 0x0000, 0x0021, 0x10C5, 0x1968, 0x2189, 0x218A, 0x1989, 0x0041, 0x0000, 0x0000,
  0x1969, 0x21AA, 0x0000, 0x0000, 0x0000, 0x0000, 0x0000, 0x0000, 0x0000, 0x00A4, 0x0290, 0x0313,
  0x00E5, 0x0000, 0x0000, 0x0000, 0x0000, 0x0000, 0x0000, 0x0000, 0x0000, 0x10A3, 0x0000, 0x0000,
  0x0000, 0x0000, 0x0020, 0x10E5, 0x29EB, 0x320B, 0x320B, 0x8473, 0x9D36, 0x532F, 0x21AA, 0x29EB,
  0x10C5, 0x0000, 0x0000, 0x0000, 0x08C5, 0x0041, 0x0000, 0x0000, 0x0000, 0x0000, 0x0883, 0x2A0C,
  0x0041, 0x0000, 0x2AD0, 0x2AAF, 0x0000, 0x0000, 0xA556, 0xEFBF, 0xB65B, 0x6CB8, 0x2334, 0x12F4,
  0x2355, 0x43D5, 0x5C55, 0x5C14, 0x53F3, 0x53B2, 0x5392, 0x4B91, 0x4B71, 0x4B50, 0x432F, 0x42EE,
  0x42CE, 0x3ACD, 0x4B2F, 0x4B50, 0x4B70, 0x5391, 0x53B2, 0x53D2, 0x53D3, 0x5BF3, 0x5C14, 0x5C34,
  0x6476, 0x3BB5, 0x1B35, 0x2314, 0xB63B, 0xFFFF, 0xFFFF, 0xFFFF, 0xFFDF, 0xFFFF, 0xEF7D, 0x10C3,
  0x0000, 0x21AA, 0x1948, 0x0000, 0x0000, 0x0000, 0x0000, 0x0000, 0x0000, 0x0000, 0x08A3, 0x1966,
  0x1905, 0x0041, 0x0000, 0x0000, 0x0021, 0x1927, 0x21EB, 0x0883, 0x0000, 0x0000, 0x0883, 0x2A0C,
  0x0000, 0x0000, 0x0000, 0x0000, 0x0000, 0x0000, 0x0000, 0x0000, 0x0000, 0x0000, 0x0000, 0x0000,
  0x0000, 0x0000, 0x0000, 0x0000, 0x0000, 0x0000, 0x0820, 0x1904, 0x2986, 0x0882, 0x0020, 0x0000,
  0x0000, 0x0000, 0x0862, 0x1906, 0x320B, 0x29EB, 0x1969, 0x2189, 0x29A9, 0x21AA, 0x10E5, 0x0000,
  0x0000, 0x0000, 0x1127, 0x2A2D, 0x1127, 0x0021, 0x0000, 0x1106, 0x2A6F, 0x1106, 0x0000, 0x19CA,
  0x3BD5, 0x0021, 0x0000, 0x18E4, 0xEF9E, 0xFFFF, 0xFFFF, 0xFFFF, 0xDF1D, 0x6C98, 0x1AF4, 0x2335,
  0x43F5, 0x6475, 0x5C14, 0x53F3, 0x53B2, 0x53B2, 0x4B91, 0x4B71, 0x4B50, 0x430F, 0x42EE, 0x3ACE,
  0x4B50, 0x4B70, 0x5391, 0x53B2, 0x53D2, 0x5BF3, 0x5C13, 0x5C34, 0x5C35, 0x6476, 0x4C16, 0x2355,
  0x1AF4, 0xAE1B, 0xFFFF, 0xF7DF, 0xFFFF, 0xFFFF, 0xFFFF, 0xFFFF, 0xFFFF, 0x3A09, 0x0000, 0x1127,
  0x220D, 0x0000, 0x0000, 0x0000, 0x0000, 0x0083, 0x3BB0, 0x9639, 0xCF3E, 0xCF7F, 0xCF5E, 0xC6DC,
  0x9D56, 0x5B2C, 0x0881, 0x0000, 0x0883, 0x0062, 0x0000, 0x0000, 0x0000, 0x1989, 0x0863, 0x0000,
  0x0000, 0x0000, 0x0000, 0x0000, 0x0000, 0x0000, 0x0000, 0x0000, 0x0000, 0x0000, 0x0000, 0x0000,
  0x0000, 0x0000, 0x21E8, 0x5C32, 0x85B9, 0xC73E, 0xD77F, 0xCF1D, 0xC69A, 0xAD34, 0x52AA, 0x0021,
  0x0000, 0x0000, 0x0020, 0x1905, 0x29CA, 0x21AA, 0x2168, 0x2189, 0x0883, 0x0000, 0x0000, 0x0000,
  0x0000, 0x1969, 0x328F, 0x2A8F, 0x2A90, 0x32B1, 0x1106, 0x0000, 0x0042, 0x224C, 0x0062, 0x0000,
  0x0000, 0x8451, 0xFFFF, 0xFFDF, 0xFFFF, 0xFFFF, 0xFFFF, 0xFFFF, 0x8D7A, 0x1B15, 0x2B75, 0x5416,
  0x6475, 0x5414, 0x53D3, 0x53D3, 0x5392, 0x4B91, 0x4B50, 0x4330, 0x430F, 0x42EF, 0x4B71, 0x4B91,
  0x53B2, 0x53D2, 0x5BF3, 0x5C14, 0x5C34, 0x5C55, 0x6476, 0x6CB7, 0x33B6, 0x1B14, 0x5C77, 0xFFFF,
  0xFFFF, 0xFFFF, 0xFFFF, 0xEFBF, 0xDF7F, 0xC6FE, 0xBF1F, 0x7453, 0x0000, 0x0041, 0x220D, 0x1128,
  0x0000, 0x0000, 0x330D, 0x8EFC, 0x7F5F, 0x5E7F, 0x2DDF, 0x1DBF, 0x1D9F, 0x25BF, 0x461F, 0x66BF,
  0x45FC, 0x130E, 0x0000, 0x0000, 0x0000, 0x0000, 0x0000, 0x0062, 0x0884, 0x0000, 0x0000, 0x0000,
  0x0000, 0x0000, 0x0000, 0x0000, 0x0000, 0x0000, 0x0000, 0x0000, 0x0000, 0x0000, 0x0126, 0x1476,
  0x2DFF, 0x1DDF, 0x0D7F, 0x053F, 0x051E, 0x0D3E, 0x2D9F, 0x769F, 0xB75F, 0xAE7A, 0x4AEC, 0x0000,
  0x0000, 0x0000, 0x0021, 0x1106, 0x1968, 0x1127, 0x0000, 0x0000, 0x0000, 0x0000, 0x0000, 0x0000,
  0x08A4, 0x1948, 0x1127, 0x0041, 0x0000, 0x0000, 0x0000, 0x0000, 0x0000, 0x0000, 0x1947, 0xEF7E,
  0xFFFF, 0xFFFF, 0xFFFF, 0xFFFF, 0xFFFF, 0xFFFF, 0xFFFF, 0x6498, 0x2335, 0x3395, 0x6476, 0x5C35,
  0x53F4, 0x53F3, 0x53D3, 0x4B92, 0x4B71, 0x4330, 0x4330, 0x430F, 0x4B91, 0x53B2, 0x53B2, 0x53F3,
  0x5C14, 0x5C34, 0x6476, 0x6CB7, 0x6497, 0x43F6, 0x2335, 0x12D4, 0x2314, 0x4395, 0x43D6, 0x6CB8,
  0xA5FB, 0xB6DE, 0xAEBE, 0xA67E, 0x9E5E, 0xA67D, 0x10E4, 0x0000, 0x08A4, 0x10E6, 0x0000, 0x74B3,
  0xBFFF, 0x4E3F, 0x051E, 0x051F, 0x051F, 0x053F, 0x051F, 0x051F, 0x04FE, 0x04FE, 0x055F, 0x0DFF,
  0x0CD9, 0x00E4, 0x0000, 0x0000, 0x0000, 0x0000, 0x0000, 0x0000, 0x0000, 0x0000, 0x0000, 0x0000,
  0x0000, 0x0000, 0x0000, 0x0000, 0x0000, 0x0000, 0x0000, 0x020A, 0x0D7D, 0x057F, 0x04FE, 0x04FE,
  0x053E, 0x053E, 0x053E, 0x255E, 0x151E, 0x049D, 0x049D, 0x2D9F, 0x6EDF, 0x3C54, 0x0041, 0x0000,
  0x0000, 0x0000, 0x08C5, 0x0042, 0x0000, 0x0000, 0x0000, 0x0021, 0x10E6, 0x0020, 0x0000, 0x0000,
  0x0000, 0x0000, 0x0000, 0x0000, 0x0000, 0x0000, 0x0883, 0x098B, 0x4B94, 0xFFDF, 0xFFFF, 0xFFFF,
  0xFFFF, 0xEFBF, 0xD71D, 0xB67C, 0xA61C, 0x64D9, 0x2355, 0x2355, 0x5C97, 0x6476, 0x5414, 0x5414,
  0x53D3, 0x4BB2, 0x4B92, 0x4351, 0x4330, 0x4330, 0x53B2, 0x53B2, 0x53D3, 0x5BF4, 0x5C34, 0x6475,
  0x6497, 0x4417, 0x2376, 0x12F5, 0x3375, 0x6477, 0x8D59, 0xA5FB, 0xB63C, 0xAE1B, 0x9DDA, 0xA67D,
  0xB6BE, 0xA67E, 0x961D, 0x9E9F, 0x74B5, 0x0020, 0x0000, 0x0000, 0x63F0, 0xA7BF, 0x153E, 0x051E,
  0x053E, 0x1D5E, 0x65FE, 0x867E, 0x869E, 0x765E, 0x4DDE, 0x0D3E, 0x051E, 0x051E, 0x05BF, 0x055B,
  0x00E5, 0x0000, 0x0000, 0x0000, 0x0000, 0x0000, 0x0000, 0x0000, 0x0000, 0x0000, 0x0000, 0x0000,
  0x0000, 0x0000, 0x0000, 0x0000, 0x01EA, 0x0E3F, 0x059F, 0x057F, 0x05BF, 0x05BF, 0x0DBF, 0x0D7E,
  0x7EBE, 0xF7FF, 0xDFBF, 0xC73F, 0x5DFE, 0x049D, 0x04BD, 0x15DF, 0x1477, 0x0041, 0x0000, 0x0000,
  0x0000, 0x0000, 0x0000, 0x0000, 0x0000, 0x0883, 0x198A, 0x0062, 0x0000, 0x0000, 0x09AA, 0x1AB0,
  0x126F, 0x022F, 0x0250, 0x0230, 0x0272, 0x0B15, 0x0AD4, 0x3B95, 0xCEBC, 0xFFFF, 0xF7DF, 0xE77E,
  0xC6DD, 0x95BA, 0x5417, 0x1AF5, 0x1AF4, 0x2356, 0x3BD6, 0x5C56, 0x5C55, 0x5415, 0x53F4, 0x53D3,
  0x4B92, 0x4B71, 0x4350, 0x4330, 0x53B2, 0x53D3, 0x5BF3, 0x5C14, 0x6455, 0x5C76, 0x33B6, 0x1B35,
  0x3375, 0x9DBA, 0xEF7E, 0xFFFF, 0xFFFF, 0xFFFF, 0xFFFF, 0xFFFF, 0xFFFF, 0xCF1F, 0xAEBE, 0xA67E,
  0xAEBF, 0x9E7E, 0x85BB, 0x1946, 0x0000, 0x2145, 0x8EBE, 0x0D3F, 0x051E, 0x053F, 0x25BF, 0xCFDF,
  0xFFFF, 0xFFFF, 0xFFFF, 0xFFFF, 0xFFFF, 0xAF7F, 0x0D9F, 0x055F, 0x04FE, 0x057F, 0x04BA, 0x0041,
  0x0000, 0x0000, 0x0000, 0x0000, 0x0000, 0x0000, 0x0000, 0x0000, 0x0000, 0x0000, 0x0000, 0x0000,
  0x0000, 0x0062, 0x0D5D, 0x0458, 0x0331, 0x02AE, 0x02CF, 0x0BB3, 0x0CD9, 0x0DFF, 0x76FF, 0xF7BF,
  0xFFFF, 0xFFFF, 0xFFFF, 0xAEFF, 0x151E, 0x04DD, 0x05DF, 0x0352, 0x0000, 0x0000, 0x0000, 0x0000,
  0x0000, 0x0000, 0x0000, 0x1107, 0x19AB, 0x0062, 0x0000, 0x0000, 0x2334, 0x1BD9, 0x2BD7, 0x64D9,
  0x95DB, 0xAE7D, 0xA61B, 0x8518, 0x4C17, 0x12F4, 0x6C97, 0xFFFF, 0xFFFF, 0xFFFF, 0xFFFF, 0xFFFF,
  0xFFFF, 0xDF3E, 0x7CF9, 0x2335, 0x1B55, 0x2B76, 0x4C16, 0x5C56, 0x5415, 0x53D4, 0x4BB3, 0x4B71,
  0x4351, 0x4351, 0x53D3, 0x53F3, 0x5C14, 0x5C35, 0x6476, 0x33B6, 0x1B14, 0x4BF7, 0xDF5E, 0xFFFF,
  0xFFFF, 0xFFFF, 0xFFFF, 0xFFFF, 0xFFFF, 0xFFFF, 0xFFFF, 0xFFFF, 0xCF1F, 0xC73F, 0x8D7A, 0x3313,
  0x1292, 0x09CC, 0x0000, 0x22AD, 0x1DBF, 0x04DE, 0x059F, 0x15DF, 0x4D9B, 0x6D16, 0x53F1, 0x436F,
  0x3350, 0x4BB0, 0x6431, 0x6494, 0x1499, 0x057F, 0x059F, 0x04FE, 0x059F, 0x0311, 0x0000, 0x0000,
  0x0000, 0x0000, 0x0000, 0x0000, 0x0000, 0x0000, 0x0000, 0x0000, 0x0000, 0x0000, 0x0000, 0x022C,
  0x026D, 0x0000, 0x0000, 0x0000, 0x0000, 0x0000, 0x0000, 0x0167, 0x03B4, 0x25BF, 0x9EFF, 0xFFFF,
  0xFFFF, 0xFFFF, 0xCF5F, 0x0CFD, 0x04FE, 0x057F, 0x0127, 0x0000, 0x0000, 0x0000, 0x0000, 0x0000,
  0x0883, 0x19CB, 0x198A, 0x0000, 0x0000, 0x0062, 0x2BB7, 0x5CDA, 0xBEFE, 0xFFFF, 0xFFFF, 0xFFFF,
  0xFFFF, 0xFFFF, 0xFFFF, 0xE77E, 0xFFFF, 0xFFFF, 0xFFFF, 0xFFFF, 0xFFFF, 0xFFFF, 0xFFFF, 0xFFFF,
  0xFFFF, 0xC6BD, 0x43D6, 0x2376, 0x2B76, 0x43F6, 0x5C35, 0x53F4, 0x4BB3, 0x4B92, 0x4371, 0x4351,
  0x53D3, 0x5414, 0x5C35, 0x6496, 0x43D6, 0x2355, 0x3B95, 0xE77E, 0xFFFF, 0xE79F, 0xD73F, 0xDF7F,
  0xFFFF, 0xFFFF, 0xFFFF, 0xFFFF, 0xFFFF, 0xFFFF, 0xFFFF, 0x74D8, 0x0211, 0x01F0, 0x0231, 0x01CE,
  0x0000, 0x020B, 0x059F, 0x059F, 0x0C36, 0x09A8, 0x0041, 0x0000, 0x0000, 0x0000, 0x0000, 0x0000,
  0x0000, 0x0000, 0x0020, 0x0147, 0x03B4, 0x057F, 0x055F, 0x053E, 0x00C4, 0x0000, 0x0000, 0x0084,
  0x0063, 0x0000, 0x0000, 0x0000, 0x0000, 0x0000, 0x0000, 0x0000, 0x0020, 0x0129, 0x0000, 0x0000,
  0x0000, 0x0000, 0x0000, 0x0000, 0x0000, 0x0000, 0x0000, 0x0188, 0x0479, 0x45DF, 0xD75F, 0xFFFF,
  0xFFFF, 0x96BE, 0x04BD, 0x051F, 0x0354, 0x0000, 0x0000, 0x0000, 0x0000, 0x0021, 0x198A, 0x2A2D,
  0x08A4, 0x0000, 0x0000, 0x226F, 0x75DE, 0xAEBF, 0xE7BF, 0xFFFF, 0xFFFF, 0xFFFF, 0xFFFF, 0xFFFF,
  0xFFFF, 0xFFFF, 0xFFFF, 0xFFFF, 0xFFFF, 0xEFBF, 0xCF3F, 0xC71E, 0xCF3F, 0xDF5F, 0xEFBF, 0xFFFF,
  0xE75E, 0x3B96, 0x2B96, 0x2B96, 0x4C16, 0x5414, 0x4BB3, 0x4392, 0x4371, 0x4351, 0x53F3, 0x5414,
  0x5C55, 0x5456, 0x2B75, 0x1B14, 0xAE3B, 0xFFFF, 0xD75F, 0xB6DE, 0xBEFE, 0xC71E, 0xD75F, 0xEFBF,
  0xFFFF, 0xFFFF, 0xFFFF, 0xFFFF, 0x74D8, 0x01F1, 0x2AF3, 0x6C56, 0x9D99, 0x9D98, 0x0861, 0x0062,
  0x0D1D, 0x02EF, 0x0000, 0x0000, 0x0000, 0x0000, 0x0020, 0x0020, 0x0020, 0x0020, 0x0020, 0x0000,
  0x0000, 0x0000, 0x0000, 0x0147, 0x0499, 0x05BF, 0x028F, 0x0000, 0x0000, 0x098B, 0x0A50, 0x09ED,
  0x09AC, 0x0949, 0x00A4, 0x0041, 0x0000, 0x0000, 0x0000, 0x0042, 0x0000, 0x0000, 0x0000, 0x0000,
  0x0000, 0x0000, 0x0000, 0x0000, 0x0000, 0x0000, 0x0061, 0x0332, 0x1D5F, 0xAE9E, 0xFFFF, 0xD77F,
  0x049D, 0x049E, 0x045A, 0x0021, 0x0000, 0x0000, 0x0021, 0x19AA, 0x326F, 0x1969, 0x0000, 0x0000,
  0x08E6, 0x2397, 0x4C59, 0x64FA, 0x8DFC, 0xD75F, 0xFFFF, 0xFFFF, 0xFFFF, 0xFFFF, 0xFFFF, 0xFFFF,
  0xFFFF, 0xEFBF, 0xD75F, 0xBEFE, 0xB6DE, 0xBEDE, 0xB6DE, 0xAEBE, 0xAEBE, 0xC71E, 0xFFFF, 0xAE3C,
  0x2335, 0x33D7, 0x3396, 0x5415, 0x4BD4, 0x4372, 0x4351, 0x4331, 0x53D3, 0x53F4, 0x5C56, 0x43F6,
  0x2334, 0x3375, 0xF7DF, 0xEFBF, 0x9E7E, 0xAEBE, 0xB6DE, 0xBEFE, 0xBEFE, 0xC71E, 0xDF7F, 0xFFFF,
  0xFFFF, 0x9DBA, 0x2B34, 0xA5DA, 0xEF9E, 0xFFFF, 0xFFFF, 0xFFFF, 0x4A8A, 0x0000, 0x0948, 0x0000,
  0x0000, 0x0000, 0x0000, 0x0000, 0x0000, 0x0000, 0x0000, 0x0000, 0x0000, 0x0000, 0x0000, 0x0000,
  0x0000, 0x0000, 0x0061, 0x0438, 0x043A, 0x0020, 0x0000, 0x096A, 0x1271, 0x1230, 0x1271, 0x1291,
  0x1291, 0x1250, 0x09CC, 0x0107, 0x0083, 0x0000, 0x0000, 0x0000, 0x0000, 0x0000, 0x0000, 0x0000,
  0x0000, 0x0000, 0x0000, 0x0000, 0x0000, 0x0000, 0x02EF, 0x04DE, 0x657D, 0x559D, 0x041C, 0x045D,
  0x045B, 0x0083, 0x0000, 0x0000, 0x19CB, 0x32B1, 0x198A, 0x0020, 0x0000, 0x00E6, 0x1B55, 0x2397,
  0x1B76, 0x1B56, 0x2376, 0x4C58, 0x961C, 0xE7BF, 0xFFFF, 0xFFFF, 0xFFFF, 0xFFFF, 0xDF7F, 0xB6DE,
  0xB6DE, 0xBEDE, 0xBEFE, 0xB6DE, 0xAEBE, 0xAE9E, 0xAE9E, 0x9E7E, 0xBEFF, 0xEFBF, 0x3BB6, 0x3396,
  0x2B55, 0x43D5, 0x4BD4, 0x4372, 0x4351, 0x3B31, 0x53D3, 0x53F4, 0x5C55, 0x3BD5, 0x2314, 0x43D6,
  0xFFFF, 0xC73F, 0x8E3E, 0xA69E, 0xAE9E, 0xAEBE, 0xB6DE, 0xB6DE, 0xB6DE, 0xC71F, 0xC6FE, 0x9DDB,
  0xF7BF, 0xFFFF, 0xFFFF, 0xFFFF, 0xFFDF, 0xFFFF, 0xCE79, 0x0021, 0x0000, 0x0000, 0x0000, 0x0000,
  0x0000, 0x0000, 0x0000, 0x0000, 0x0000, 0x0000, 0x0000, 0x0000, 0x0000, 0x0000, 0x0000, 0x0020,
  0x0000, 0x0083, 0x0BD8, 0x0062, 0x0000, 0x098B, 0x0A50, 0x01CE, 0x01AE, 0x01AE, 0x01AE, 0x01CE,
  0x01AE, 0x01CE, 0x01CE, 0x018C, 0x00E6, 0x0042, 0x0000, 0x0000, 0x0000, 0x0000, 0x0000, 0x0000,
  0x0000, 0x0000, 0x0000, 0x0000, 0x0000, 0x0352, 0x04DE, 0x03FB, 0x043C, 0x041C, 0x03FA, 0x0063,
  0x0000, 0x0928, 0x220D, 0x1106, 0x0000, 0x0000, 0x0969, 0x1BB7, 0x1B76, 0x1335, 0x1336, 0x1315,
  0x1B35, 0x2356, 0x2356, 0x4C59, 0xA67E, 0xDF7F, 0xF7DF, 0xDF7F, 0xB6DE, 0xB6DE, 0xB6BE, 0xAEBE,
  0xAEBE, 0xAE9E, 0xA67E, 0xA67E, 0x9E7E, 0x9E7E, 0x963E, 0xCF3F, 0x5C77, 0x2335, 0x2B75, 0x3B95,
  0x4BD4, 0x4352, 0x3B31, 0x3B10, 0x4BB3, 0x4BD4, 0x5415, 0x3395, 0x2334, 0x2B35, 0xF7BF, 0xC71F,
  0x7DFE, 0x9E5E, 0x9E7E, 0xA67E, 0xA69E, 0xA69E, 0xAEBE, 0xA69E, 0xCF3F, 0xFFFF, 0xFFFF, 0xFFFF,
  0xFFFF, 0xFFFF, 0xFFFF, 0xFFFF, 0xFFFF, 0x7C10, 0x0000, 0x0020, 0x0000, 0x0000, 0x0000, 0x0000,
  0x0000, 0x0021, 0x0063, 0x0084, 0x00A5, 0x00A5, 0x0084, 0x0042, 0x0000, 0x0000, 0x0000, 0x0000,
  0x00A4, 0x016A, 0x016C, 0x01AE, 0x2270, 0x4332, 0x5BD4, 0x6415, 0x6414, 0x63F4, 0x5B93, 0x4310,
  0x1A2E, 0x016C, 0x014C, 0x016C, 0x016A, 0x00A5, 0x0000, 0x0000, 0x0000, 0x0000, 0x0000, 0x0000,
  0x0000, 0x0000, 0x0000, 0x0041, 0x0C59, 0x047D, 0x03FB, 0x041C, 0x0398, 0x0000, 0x0022, 0x08C6,
  0x0000, 0x0000, 0x0000, 0x11EC, 0x1BB8, 0x0B35, 0x2376, 0x5C77, 0x95BA, 0xBE9D, 0xCEFD, 0xD71E,
  0xD73E, 0xBE9D, 0xA65D, 0xAEBE, 0xB6DE, 0xBEDE, 0xB6DE, 0xAEBE, 0xAE9E, 0xA69E, 0xA69E, 0x9E7E,
  0x9E5E, 0x9E5E, 0x963E, 0x963E, 0x85FD, 0xAE9E, 0x5C37, 0x2314, 0x2B75, 0x3374, 0x43B4, 0x3B52,
  0x3B31, 0x3B10, 0x4B93, 0x4BB3, 0x4BF4, 0x3395, 0x2B55, 0x1AD4, 0x9DDA, 0xDF9F, 0x6DBE, 0x8E3E,
  0x8E3E, 0x965E, 0x965E, 0x9E7E, 0x9E7E, 0xD73F, 0xFFFF, 0xFFFF, 0xFFFF, 0xFFFF, 0xFFFF, 0xFFFF,
  0xFFFF, 0xFFFF, 0xFFFF, 0xFFDF, 0x4229, 0x0000, 0x0000, 0x0000, 0x0000, 0x0064, 0x00C7, 0x014B,
  0x09AD, 0x11CD, 0x11CE, 0x11EE, 0x09AD, 0x014C, 0x00E9, 0x00C7, 0x00A4, 0x0949, 0x01CF, 0x1271,
  0x6C76, 0xC67B, 0xEF7E, 0xFFFF, 0xFFFF, 0xFFFF, 0xFFFF, 0xFFFF, 0xFFFF, 0xFFFF, 0xEF9E, 0xCE9B,
  0x8CD6, 0x3AF0, 0x01AD, 0x01AE, 0x09CD, 0x00A5, 0x0000, 0x0000, 0x0000, 0x0000, 0x0000, 0x0000,
  0x0000, 0x0000, 0x0147, 0x04BD, 0x03DA, 0x043D, 0x0291, 0x0000, 0x0000, 0x0000, 0x0000, 0x00E6,
  0x1AF2, 0x1397, 0x12F4, 0x7D39, 0xDF5E, 0xFFFF, 0xFFFF, 0xFFFF, 0xFFFF, 0xFFFF, 0xFFFF, 0xFFFF,
  0xFFFF, 0xFFFF, 0xDF7F, 0xBEDE, 0xAEBE, 0xA69E, 0xA67E, 0x9E7E, 0x9E5E, 0x963E, 0x963E, 0x8E3E,
  0x8E1E, 0x8DFD, 0x85FD, 0x9E3E, 0x3375, 0x2335, 0x2B35, 0x3354, 0x4393, 0x3B31, 0x3B11, 0x3B10,
  0x4372, 0x4393, 0x4BB4, 0x3394, 0x2314, 0x2335, 0x3355, 0xDF7F, 0x8E5F, 0x75BD, 0x85FE, 0x8E1E,
  0x963E, 0x963E, 0xA69E, 0xFFFF, 0xE79F, 0xC71E, 0xBEDE, 0xC71F, 0xFFFF, 0xFFFF, 0xFFFF, 0xFFFF,
  0xFFFF, 0xFFFF, 0xE75D, 0x10C3, 0x0000, 0x0001, 0x00C7, 0x328F, 0x7475, 0xAD98, 0xCEBB, 0xE75D,
  0xEF7E, 0xEF7E, 0xCEBB, 0x9D58, 0x63F4, 0x2A91, 0x020F, 0x0231, 0x6436, 0xDEFD, 0xFFFF, 0xFFFF,
  0xFFFF, 0xFFFF, 0xFFFF, 0xFFDF, 0xFFFF, 0xFFFF, 0xFFFF, 0xFFFF, 0xFFFF, 0xFFFF, 0xFFFF, 0xFFFF,
  0xBE3A, 0x4B32, 0x018E, 0x0A71, 0x09ED, 0x0063, 0x0000, 0x0000, 0x0000, 0x0000, 0x0000, 0x0000,
  0x0000, 0x02D1, 0x041C, 0x03D9, 0x0063, 0x0000, 0x0042, 0x0948, 0x1290, 0x23B7, 0x1B97, 0x1B14,
  0xBE7C, 0xFFFF, 0xFFFF, 0xFFFF, 0xFFFF, 0xFFFF, 0xFFFF, 0xFFFF, 0xE77F, 0xE79F, 0xFFFF, 0xFFFF,
  0xFFFF, 0xEFBF, 0xA69E, 0x9E7E, 0x9E5E, 0x965E, 0x963E, 0x8E1D, 0x8E1D, 0x85FD, 0x85FD, 0x7DBD,
  0x965E, 0x64FA, 0x1AB3, 0x2B34, 0x22F4, 0x3B54, 0x3B73, 0x3B11, 0x3310, 0x32F0, 0x4351, 0x3B72,
  0x4393, 0x4394, 0x22F3, 0x2B34, 0x12B3, 0x5C37, 0xE7DF, 0x863E, 0x657D, 0x7DDD, 0x8E1E, 0x861E,
  0xBEFE, 0xE79F, 0xA69E, 0xA67E, 0xA69E, 0xA67E, 0xC71F, 0xFFFF, 0xFFFF, 0xFFFF, 0xFFFF, 0xF7DF,
  0xC73F, 0x6497, 0x0022, 0x428C, 0xB5F9, 0xFFDF, 0xFFFF, 0xFFFF, 0xFFFF, 0xFFFF, 0xFFFF, 0xFFFF,
  0xFFFF, 0xFFFF, 0xFFFF, 0xFFDF, 0x7CD7, 0x8517, 0xFFFF, 0xFFFF, 0xFFFF, 0xFFFF, 0xF7DF, 0xFFFF,
  0xFFFF, 0xFFFF, 0xFFFF, 0xFFFF, 0xFFFF, 0xFFFF, 0xFFFF, 0xFFFF, 0xFFFF, 0xFFFF, 0xFFFF, 0xFFFF,
  0x9D58, 0x1230, 0x0AB2, 0x12D3, 0x00E6, 0x0000, 0x0000, 0x0000, 0x0000, 0x0000, 0x0042, 0x0949,
  0x1356, 0x12F3, 0x11AB, 0x124F, 0x1B34, 0x23B7, 0x23D8, 0x2396, 0x1B55, 0xC6BD, 0xFFFF, 0xFFDF,
  0xFFFF, 0xFFFF, 0xFFFF, 0xFFFF, 0xFFFF, 0xFFFF, 0xE79F, 0xB6BE, 0xAE9E, 0xD75F, 0xF7DF, 0xFFFF,
  0xC71F, 0x8E3E, 0x963E, 0x8E1E, 0x8E1D, 0x85FD, 0x85DD, 0x7DBD, 0x7DBD, 0x85FE, 0x755C, 0x1AD3,
  0x22F3, 0x22F3, 0x22D3, 0x3B73, 0x3B32, 0x3311, 0x32F0, 0x32D0, 0x3B31, 0x3B31, 0x3B52, 0x4393,
  0x3334, 0x1AD3, 0x2314, 0x0A72, 0x5C16, 0xD73E, 0x9EBF, 0x7DDE, 0x85DD, 0x7DDD, 0xB6DE, 0xB6DE,
  0x9E7E, 0xA67E, 0xA67E, 0xA69E, 0xA67E, 0xEFDF, 0xFFFF, 0xF7DF, 0xCF1F, 0xA69E, 0x8E1D, 0x861E,
  0xA61B, 0xFFFF, 0xFFFF, 0xFFFF, 0xFFFF, 0xFFFF, 0xFFFF, 0xFFFF, 0xFFFF, 0xFFFF, 0xFFFF, 0xFFFF,
  0xFFFF, 0xFFFF, 0xFFFF, 0xFFFF, 0xFFFF, 0xFFFF, 0xEF9F, 0xB6BE, 0xDF7F, 0xFFFF, 0xFFFF, 0xFFFF,
  0xFFFF, 0xFFFF, 0xFFFF, 0xFFFF, 0xFFFF, 0xFFFF, 0xFFFF, 0xFFFF, 0xFFFF, 0xFFFF, 0xFFFF, 0xC69C,
  0x1A71, 0x12F3, 0x1B56, 0x09CB, 0x0000, 0x0041, 0x0989, 0x126F, 0x0AF4, 0x0336, 0x0AF5, 0x0B15,
  0x1377, 0x1B97, 0x1B56, 0x1314, 0x0AD4, 0x0AD4, 0x1B15, 0xCEFD, 0xFFFF, 0xFFFF, 0xFFFF, 0xFFFF,
  0xFFFF, 0xFFFF, 0xFFFF, 0xFFFF, 0xFFFF, 0xCF3F, 0x9E5E, 0xA67E, 0xA69E, 0xD73F, 0xCF1F, 0x8E1E,
  0x961D, 0x8DFD, 0x85DD, 0x7DBD, 0x7DBD, 0x85DD, 0x85FE, 0x64BA, 0x22D3, 0x1AB3, 0x22D3, 0x1AB2,
  0x2B13, 0x3B53, 0x3311, 0x32F0, 0x32D0, 0x32CF, 0x3B10, 0x3B11, 0x3B32, 0x3B52, 0x3B94, 0x2313,
  0x1AB3, 0x22F3, 0x1272, 0x2AD3, 0x7D19, 0x8E1D, 0x8E1E, 0x8E1E, 0x9E7F, 0xCF5F, 0x9E7E, 0x9E7E,
  0xA67E, 0xA69E, 0x9E7E, 0xAEBE, 0xC6FE, 0xA67E, 0x9E5E, 0x9E7E, 0x963E, 0xAE9E, 0xFFFF, 0xFFFF,
  0xFFFF, 0xFFFF, 0xE79F, 0xD75F, 0xCF3E, 0xCF1E, 0xCF3F, 0xD75F, 0xDF7F, 0xF7DF, 0xFFFF, 0xFFFF,
  0xFFFF, 0xFFFF, 0xFFFF, 0xCF1E, 0x9E5D, 0xDF7F, 0xFFFF, 0xFFFF, 0xFFFF, 0xFFFF, 0xFFFF, 0xFFFF,
  0xFFFF, 0xFFFF, 0xFFFF, 0xFFFF, 0xFFFF, 0xFFFF, 0xFFFF, 0xFFFF, 0xFFDF, 0xFFFF, 0xC67B, 0x12B2,
  0x1B55, 0x23D8, 0x1AD1, 0x0AD2, 0x0B56, 0x1B76, 0x4C57, 0x8559, 0xA61C, 0xBEBD, 0xCEFD, 0xD6FD,
  0xD71D, 0xCEFD, 0xB67C, 0x857A, 0x4C17, 0x1B15, 0x7D5A, 0xEFBF, 0xFFFF, 0xFFFF, 0xFFFF, 0xEFBF,
  0xEFBF, 0xE79F, 0xBEFE, 0x9E5E, 0xA67E, 0xA67E, 0x9E5E, 0x965E, 0x9E5E, 0x963E, 0x963E, 0x963E,
  0x8E1E, 0x85FE, 0x7DBD, 0x64FA, 0x3B76, 0x1272, 0x1AB3, 0x1AD3, 0x1A93, 0x22D2, 0x3333, 0x3312,
  0x32F1, 0x32D0, 0x32CF, 0x2AAF, 0x32F0, 0x32F0, 0x3311, 0x3331, 0x3353, 0x3373, 0x22F3, 0x1AB3,
  0x22D3, 0x1AB3, 0x0A52, 0x22B3, 0x3334, 0x4BF7, 0x43F7, 0x9E1C, 0xAEBE, 0x965E, 0x9E5E, 0x9E7E,
  0x9E7E, 0x9E5E, 0x965E, 0x9E5E, 0x9E7E, 0x9E5E, 0x8E3D, 0xE79F, 0xFFFF, 0xF7DF, 0xCF3F, 0xAE9E,
  0x9E7E, 0x9E5E, 0x9E5E, 0x9E5E, 0x9E5E, 0x9E5E, 0x9E5E, 0xA67E, 0xB6BE, 0xE79F, 0xFFFF, 0xF7DF,
  0xB6DE, 0x8E3D, 0xD75F, 0xFFFF, 0xFFFF, 0xFFFF, 0xFFFF, 0xFFFF, 0xFFFF, 0xFFFF, 0xFFFF, 0xFFFF,
  0xFFFF, 0xFFFF, 0xFFFF, 0xFFFF, 0xFFFF, 0xFFFF, 0xFFFF, 0xFFFF, 0xFFFF, 0x8539, 0x0AF4, 0x1B76,
  0x1356, 0x4C37, 0x9DDA, 0xE75E, 0xFFFF, 0xFFFF, 0xFFFF, 0xFFFF, 0xFFFF, 0xFFFF, 0xFFFF, 0xFFFF,
  0xFFFF, 0xFFFF, 0xFFFF, 0x961C, 0x5CFA, 0x963D, 0xDF7F, 0xFFFF, 0xE7BF, 0x9E7E, 0xA67E, 0x9E5E,
  0x9E5E, 0xA67E, 0x9E7E, 0x9E5E, 0x9E5E, 0x9E5E, 0x963E, 0x963E, 0x8DFD, 0x6CFA, 0x5C79, 0x43F7,
  0x2B14, 0x1272, 0x1252, 0x1AB3, 0x1AB3, 0x1A92, 0x22D3, 0x3333, 0x3312, 0x32F1, 0x32D0, 0x2AAF,
  0x2AAF, 0x2A8E, 0x32CF, 0x32F0, 0x32F0, 0x3311, 0x3311, 0x3332, 0x3353, 0x2B13, 0x1AD3, 0x1AB3,
  0x1AB3, 0x1A93, 0x1272, 0x1251, 0x0A31, 0x1A93, 0x22F3, 0x43D6, 0xA69E, 0x9E3E, 0x9E5E, 0x9E5E,
  0x9E5E, 0x9E5E, 0x9E5E, 0x9E5E, 0x963D, 0xD73F, 0xE79F, 0xAE9E, 0x965E, 0x9E7E, 0xA67E, 0xA67E,
  0xA67E, 0xA67E, 0xA67E, 0xA67E, 0x9E7E, 0x9E7E, 0x9E5E, 0xAE9E, 0xE79F, 0xAEBE, 0x9E5E, 0x9E5E,
  0xDF7F, 0xFFFF, 0xFFFF, 0xFFFF, 0xFFFF, 0xFFFF, 0xFFFF, 0xFFFF, 0xFFFF, 0xFFFF, 0xFFFF, 0xFFFF,
  0xFFFF, 0xFFFF, 0xEFBF, 0xDF7F, 0xE79F, 0xFFFF, 0xFFFF, 0xEF9F, 0x2355, 0x3395, 0xBE5B, 0xFFFF,
  0xFFFF, 0xFFFF, 0xFFFF, 0xFFFF, 0xFFFF, 0xFFFF, 0xFFFF, 0xFFFF, 0xFFFF, 0xFFFF, 0xFFFF, 0xFFFF,
  0xDF7F, 0xA69E, 0xA69E, 0x965E, 0x963E, 0xB6BE, 0xB6BE, 0x9E5E, 0x9E7E, 0x9E7E, 0x9E5E, 0x9E5E,
  0x9E5E, 0x9E5E, 0x9E5E, 0x963E, 0x963D, 0xA67E, 0x3BB6, 0x1252, 0x1252, 0x1272, 0x1A92, 0x1AB3,
  0x1A93, 0x1A92, 0x1AB3, 0x22D3, 0x3333, 0x2B12, 0x2AF1, 0x2AD0, 0x2AB0, 0x2AAF, 0x2A8E, 0x2A8E,
  0x32AF, 0x32CF, 0x32D0, 0x32F0, 0x32F1, 0x3311, 0x3332, 0x3353, 0x3354, 0x22F3, 0x1A92, 0x1A92,
  0x1A93, 0x1AB3, 0x1AB3, 0x1AB3, 0x1AB3, 0x1A92, 0x755A, 0xA6BF, 0x961D, 0x963D, 0x963D, 0x9E3D,
  0x9E3E, 0x963E, 0x965E, 0x963D, 0x9E5E, 0x9E5E, 0x9E7E, 0x9E7E, 0x9E5E, 0x9E7E, 0x9E5D, 0x9E5E,
  0x9E7E, 0x9E5E, 0x9E5E, 0x9E5E, 0x9E7E, 0x9E7E, 0x9E5E, 0x9E5E, 0xA67E, 0x9E5E, 0xA69E, 0xE79F,
  0xFFFF, 0xFFFF, 0xFFFF, 0xF7DF, 0xF7DF, 0xF7DF, 0xFFFF, 0xFFFF, 0xFFFF, 0xF7BF, 0xD75F, 0xB6BE,
  0x9E7E, 0xA67E, 0x9E7E, 0xBEDE, 0xF7DF, 0xFFFF, 0xCEFD, 0xFFDF, 0xFFFF, 0xFFFF, 0xFFFF, 0xFFFF,
  0xFFFF, 0xFFFF, 0xFFFF, 0xFFFF, 0xFFFF, 0xFFFF, 0xFFFF, 0xFFFF, 0xEFBF, 0xC6FE, 0x965E, 0x963E,
  0x963D, 0x963D, 0x9E5E, 0x965E, 0x965E, 0x9E5E, 0x9E5E, 0x9E5E, 0x9E5E, 0x9E5E, 0x9E5E, 0x963D,
  0x963D, 0x963E, 0xA69E, 0x6499, 0x1A93, 0x22D3, 0x1AB3, 0x1AB3, 0x1A92, 0x1A92, 0x1AB2, 0x22D3,
  0x2B13, 0x2B12, 0x2AF2, 0x2AF1, 0x2AD0, 0x2AB0, 0x2AAF, 0x2A8E, 0x2A6E, 0x2A6E, 0x2A8E, 0x2AAF,
  0x2AAF, 0x2ACF, 0x2AD0, 0x32F1, 0x2AF1, 0x2B12, 0x2B12, 0x3333, 0x2B33, 0x22F3, 0x22D3, 0x1AB3,
  0x1AB3, 0x1AB2, 0x1AB3, 0x1AB3, 0x1AB3, 0x751A, 0x9E7E, 0x963E, 0x961D, 0x963D, 0x963D, 0x963E,
  0x9E5E, 0x9E5E, 0x9E5E, 0x9E5E, 0x9E5E, 0x9E5E, 0x9E5E, 0x9E5E, 0x9E5E, 0x9E5D, 0x8DFD, 0x9E7E,
  0x9E5E, 0x9E5E, 0x9E5E, 0x9E5E, 0x9E5E, 0x9E7E, 0x9E5E, 0x9E7E, 0x9E5E, 0x9E5D, 0xAE9E, 0xB6BE,
  0xAEBE, 0xA69E, 0xA67E, 0xA69E, 0xAE9E, 0xAEBE, 0xAE9E, 0x9E5E, 0x965E, 0x9E7E, 0xA67E, 0xA67E,
  0xA67E, 0x9E5E, 0xAEBE, 0xFFFF, 0xE7BF, 0xC71F, 0xD75F, 0xEFBF, 0xF7DF, 0xFFFF, 0xFFFF, 0xFFFF,
  0xFFFF, 0xFFFF, 0xF7BF, 0xE79F, 0xD75F, 0xB6BE, 0x965E, 0x963E, 0x9E5E, 0x9E5E, 0x9E7E, 0x9E7E,
  0x963E, 0x963D, 0x963D, 0x963D, 0x963D, 0x963D, 0x963D, 0x963D, 0x961D, 0x961D, 0x9E7E, 0x963D,
  0x4C17, 0x1272, 0x22D3, 0x1AB3, 0x22D3, 0x22F3, 0x22F3, 0x2B13, 0x2B33, 0x3333, 0x2B12, 0x2AF1,
  0x2AD0, 0x2AD0, 0x2AB0, 0x2A8F, 0x2A8E, 0x2A6E, 0x224D, 0x224D, 0x2A6E, 0x2A8E, 0x2A8E, 0x2AAF,
  0x2AAF, 0x2AD0, 0x2AD0, 0x2AF1, 0x2AF1, 0x2AF2, 0x2B13, 0x3333, 0x3333, 0x3353, 0x2B34, 0x2B34,
  0x22F3, 0x1AB3, 0x22D3, 0x1272, 0x4C17, 0x961D, 0x9E7E, 0x965E, 0x961D, 0x961D, 0x963D, 0x963D,
  0x9E5E, 0x9E5E, 0x9E5E, 0x9E5E, 0x9E5E, 0x9E5D, 0x9E5E, 0x961D, 0x3355, 0x85DC, 0xA69E, 0x963D,
  0x9E5E, 0x9E5E, 0x9E5E, 0x9E5E, 0x9E5E, 0x9E5E, 0x9E5E, 0x9E5E, 0x9E5E, 0x9E5E, 0x9E5E, 0x9E5D,
  0x9E7E, 0x9E5E, 0x9E5E, 0x9E5E, 0x9E5E, 0x9E7E, 0xA67E, 0xA67E, 0x9E7E, 0x9E7E, 0x9E7E, 0xA67E,
  0x9E5E, 0xC71F, 0xA67E, 0x963E, 0x9E5E, 0x9E5E, 0xA69E, 0xAE9E, 0xAE9E, 0xAE9E, 0xAE9E, 0xA67E,
  0x9E7E, 0x963E, 0x963D, 0x963D, 0x9E5E, 0x9E3D, 0x9E7E, 0x9E5E, 0x43D6, 0x64D9, 0x963E, 0x9E7E,
  0x9E7E, 0x9E7E, 0x9E5E, 0x9E5E, 0x9E5E, 0x9E7E, 0x9E7E, 0x963D, 0x64D9, 0x22F4, 0x1272, 0x22D4,
  0x1AB3, 0x22F3, 0x3354, 0x3333, 0x2B33, 0x2B13, 0x2AF2, 0x2AF2, 0x2AF1, 0x2AD0, 0x2AB0, 0x2AB0,
  0x2A8F, 0x226E, 0x226E, 0x224D, 0x224D, 0x222C, 0x2A6D, 0x2A6D, 0x2A6E, 0x2A8E, 0x2A8F, 0x2AAF,
  0x2AB0, 0x2AD0, 0x2AD0, 0x2AD1, 0x2AF1, 0x2AF2, 0x2B12, 0x2B12, 0x3312, 0x3333, 0x3354, 0x22F3,
  0x1AB3, 0x22D3, 0x1272, 0x2AF3, 0x5C98, 0x8DFC, 0x9E7E, 0x9E7E, 0x9E5E, 0x963E, 0x9E5E, 0x9E5E,
  0x9E5E, 0x9E5E, 0x9E5E, 0x9E5E, 0xA67E, 0xAEFF, 0x4C17, 0x2B14, 0x963D, 0xA69E, 0x9E3D, 0x9E3D,
  0x9E5D, 0x9E5E, 0x9E5E, 0x9E5D, 0x9E5D, 0x9E5E, 0x9E5E, 0x9E5E, 0x9E5E, 0x9E5E, 0x9E5E, 0x9E5E,
  0x9E5E, 0x9E5E, 0x9E5D, 0x9E5D, 0x9E5E, 0x9E5E, 0x9E5E, 0x9E5E, 0x9E7E, 0x9E5E, 0x9E5E, 0xA69E,
  0x9E5E, 0x9E3D, 0x9E5D, 0x9E5E, 0x9E5E, 0x9E5E, 0x9E5E, 0x9E5D, 0x965E, 0x9E5E, 0x9E5E, 0x9E5E,
  0x9E5D, 0x963D, 0x9E3D, 0xA69E, 0x963D, 0x3B75, 0x0A52, 0x1272, 0x2B14, 0x5437, 0x6D1A, 0x7D5B,
  0x859B, 0x7D9B, 0x755A, 0x64B9, 0x43D6, 0x2B14, 0x1272, 0x1A92, 0x22D3, 0x1AB3, 0x22F3, 0x3333,
  0x2B33, 0x2B12, 0x2AF2, 0x2AF1, 0x2AF1, 0x2AD1, 0x2AD0, 0x2AB0, 0x228F, 0x228F, 0x226F, 0x226E,
  0x224D, 0x222D, 0x222C, 0x220C, 0x224D, 0x2A4D, 0x2A4D, 0x2A6D, 0x2A6E, 0x2A8F, 0x2A8F, 0x2AAF,
  0x2AB0, 0x2AD0, 0x2AD1, 0x2AF1, 0x2AF1, 0x2AF1, 0x2AF2, 0x2B12, 0x2B13, 0x3333, 0x22F3, 0x1AB3,
  0x1AD3, 0x1A93, 0x1252, 0x1A92, 0x3B75, 0x6498, 0x859B, 0x963D, 0x9E5E, 0x9E7E, 0x9E7E, 0x9E7E,
  0x9E7E, 0x961D, 0x859B, 0x6498, 0x3354, 0x1251, 0x22D3, 0x7D5B, 0xA6BF, 0x9E7E, 0x963D, 0x963D,
  0x9E3D, 0x9E5D, 0x9E5D, 0x9E5D, 0x9E5D, 0x9E5E, 0x9E5D, 0x9E5D, 0x9E5E, 0x9E5D, 0x9E5E, 0x9E5D,
  0x9E5D, 0x9E5D, 0x9E5E, 0x9E5E, 0x9E5E, 0x9E5D, 0x963D, 0xA69E, 0xA6BE, 0x859B, 0x9E7E, 0xA6BF,
  0x9E7E, 0x9E5E, 0x9E5D, 0x9E5D, 0x963D, 0x963D, 0x963D, 0x9E3D, 0x9E5E, 0x9E5E, 0x9E7E, 0xA69E,
  0x9E7E, 0x751A, 0x22D3, 0x1252, 0x1AB3, 0x1AB3, 0x1A92, 0x1251, 0x1252, 0x1272, 0x1A92, 0x1A72,
  0x1272, 0x1251, 0x1272, 0x1A92, 0x1AB3, 0x1AB3, 0x1A92, 0x22F2, 0x2B33, 0x2B12, 0x2AF2, 0x2AF1,
  0x2AD1, 0x2AD1, 0x2AB0, 0x2AB0, 0x22B0, 0x228F, 0x226E, 0x226E, 0x224E, 0x224D, 0x222D, 0x220C,
  0x220C, 0x220B, 0x222C, 0x222C, 0x222D, 0x224D, 0x224D, 0x2A6E, 0x2A8E, 0x2A8F, 0x2A8F, 0x2AAF,
  0x2AB0, 0x2AD0, 0x2AD1, 0x2AD1, 0x2AD1, 0x2AF1, 0x2AF2, 0x2B12, 0x3333, 0x2B13, 0x1AB3, 0x1A93,
  0x1AB3, 0x1A93, 0x1252, 0x0A31, 0x1252, 0x1A92, 0x22D3, 0x2AF3, 0x2AF3, 0x2B13, 0x2AF3, 0x1A92,
  0x1272, 0x1231, 0x1272, 0x1AB2, 0x1272, 0x1252, 0x43D6, 0x859B, 0x9E7E, 0xA69E, 0x9E5E, 0x9E5E,
  0x963D, 0x963D, 0x963D, 0x963D, 0x9E3D, 0x9E3D, 0x9E5D, 0x9E5D, 0x9E5D, 0x9E3D, 0x963D, 0x963D,
  0x963D, 0x9E3D, 0x9E5E, 0x9E7E, 0xA6BF, 0x963D, 0x4C16, 0x1251, 0x3334, 0x64B8, 0x85DC, 0x9E3D,
  0xA67E, 0xA6BF, 0xA6BF, 0xA69E, 0xA69F, 0xA69F, 0x9E7E, 0x963D, 0x859B, 0x5C77, 0x2B14, 0x1231,
  0x1A92, 0x1AB3, 0x1A92, 0x1A92, 0x1A92, 0x1AB3, 0x1AB3, 0x1AB3, 0x1AB2, 0x1AB2, 0x1AB3, 0x1AB3,
  0x1A93, 0x1A92, 0x1AB2, 0x22D3, 0x2B13, 0x2B12, 0x2AF2, 0x2AF1, 0x2AD1, 0x2AD1, 0x22B0, 0x2AB0,
  0x228F, 0x228F, 0x228F, 0x226E, 0x224E, 0x224D, 0x222D, 0x222C, 0x1A0C, 0x19EB, 0x19EB, 0x19EB,
  0x220B, 0x220C, 0x222C, 0x222C, 0x224D, 0x224D, 0x226E, 0x226E, 0x226E, 0x228F, 0x2AAF, 0x2AB0,
  0x2AB0, 0x2AB0, 0x2AD0, 0x2AD1, 0x2AD1, 0x2AF1, 0x2AF1, 0x2B12, 0x2B13, 0x22D3, 0x1A92, 0x1A92,
  0x1A93, 0x1AB3, 0x1AB2, 0x1A92, 0x1A72, 0x1272, 0x1272, 0x1272, 0x1272, 0x1A92, 0x1A92, 0x1AB3,
  0x1A92, 0x1A92, 0x1A92, 0x1A92, 0x1251, 0x1272, 0x3354, 0x6498, 0x8DDC, 0x9E5D, 0xA69E, 0xA69E,
  0xA69E, 0xA69E, 0x9E7E, 0x9E5E, 0x9E7E, 0x9E7E, 0x9E7E, 0x9E7E, 0xA69E, 0xA69E, 0xA6BE, 0xA6BE,
  0x9E5D, 0x859B, 0x5416, 0x1A92, 0x1251, 0x1AB2, 0x1272, 0x0A31, 0x1272, 0x22D3, 0x3B75, 0x4BF6,
  0x5437, 0x5437, 0x5417, 0x4BD6, 0x3354, 0x22D3, 0x1251, 0x0A31, 0x1272, 0x1AB3, 0x1A93, 0x1A92,
  0x22B2, 0x1AB2, 0x1A92, 0x1A92, 0x1A92, 0x1A92, 0x1A92, 0x1A92, 0x1A92, 0x1AB2, 0x22D2, 0x22F2,
  0x2B12, 0x2B12, 0x2AF2, 0x2AD1, 0x2AD1, 0x2AD0, 0x22B0, 0x22B0, 0x228F, 0x228F, 0x226F, 0x226E,
  0x226E, 0x224E, 0x222D, 0x222D, 0x1A0C, 0x1A0C, 0x19EB, 0x19EB, 0x19CB, 0x19CA, 0x21EB, 0x220B,
  0x220B, 0x220C, 0x222C, 0x222D, 0x224D, 0x224D, 0x226E, 0x226E, 0x228F, 0x228F, 0x228F, 0x228F,
  0x2AAF, 0x2AB0, 0x2AD0, 0x2AD0, 0x2AD1, 0x2AD1, 0x2AF1, 0x2B12, 0x2B13, 0x22F3, 0x1AB3, 0x1A92,
  0x1A92, 0x1A72, 0x1A72, 0x1A92, 0x1A92, 0x1A92, 0x1A72, 0x1A72, 0x1A72, 0x1272, 0x1272, 0x1AB2,
  0x1AB2, 0x1272, 0x1A92, 0x1AB2, 0x1272, 0x1231, 0x1A72, 0x2B14, 0x4395, 0x5C57, 0x6CF9, 0x7D5B,
  0x8DBB, 0x8DDC, 0x95FC, 0x961C, 0x8DFC, 0x8DBB, 0x7D7A, 0x74F9, 0x5C57, 0x43B5, 0x2AF3, 0x1251,
  0x0A31, 0x1A92, 0x1AB2, 0x1A92, 0x1A92, 0x1AB2, 0x1A92, 0x1272, 0x1251, 0x0A31, 0x0A31, 0x0A31,
  0x0A31, 0x1231, 0x1252, 0x1A92, 0x1AB2, 0x1AB2, 0x1A92, 0x1292, 0x1A92, 0x22F3, 0x2B34, 0x2B34,
  0x2B13, 0x2313, 0x22F3, 0x22F3, 0x22F3, 0x22F3, 0x2AF3, 0x2B13, 0x2B12, 0x2AF2, 0x2AF1, 0x2AD1,
  0x2AD1, 0x22B0, 0x22B0, 0x22B0, 0x228F, 0x228F, 0x226F, 0x226E, 0x224E, 0x224E, 0x224D, 0x222D,
  0x1A0C, 0x1A0C, 0x19EC, 0x19EB, 0x19CB, 0x19CA, 0x19AA, 0x19AA, 0x19CA, 0x19EA, 0x21EB, 0x21EB,
  0x220C, 0x222C, 0x222C, 0x222D, 0x224D, 0x224D, 0x226E, 0x226E, 0x226E, 0x228F, 0x228F, 0x228F,
  0x2AB0, 0x2AB0, 0x2AB0, 0x2AD0, 0x2AD1, 0x2AD1, 0x2AF1, 0x2AF2, 0x2AF2, 0x2AF2, 0x22F2, 0x22D2,
  0x22B2, 0x1AB2, 0x1AB2, 0x1AB2, 0x1AB2, 0x22B2, 0x22D2, 0x22D2, 0x22F3, 0x2B33, 0x2B33, 0x22D3,
  0x1A92, 0x1292, 0x1A92, 0x1AB2, 0x1A92, 0x1252, 0x1251, 0x0A31, 0x0A11, 0x0A31, 0x1A72, 0x1A92,
  0x22B2, 0x22B2, 0x1A92, 0x1272, 0x1231, 0x1231, 0x1231, 0x1251, 0x1272, 0x1A92, 0x1AB2, 0x1AB2,
  0x1A92, 0x1292, 0x1272, 0x1A92, 0x1A92, 0x1A92, 0x1AB2, 0x1AB3, 0x1AB3, 0x1AB2, 0x1AB3, 0x1AB3,
  0x1A92, 0x1A92, 0x1A92, 0x1A92, 0x1A92, 0x22D2, 0x2B13, 0x2B13, 0x2B12, 0x2B12, 0x2B12, 0x2B12,
  0x2B12, 0x2AF2, 0x2AF2, 0x2AF2, 0x2AF1, 0x2AD1, 0x2AD1, 0x2AD0, 0x2AB0, 0x22B0, 0x22B0, 0x228F,
  0x228F, 0x226F, 0x226F, 0x226E, 0x224E, 0x224E, 0x222D, 0x222D, 0x222D, 0x1A0C, 0x1A0C, 0x19EB,
  0x19EB, 0x19CB, 0x19CA, 0x19AA, 0x19AA, 0x19A9, 0x19CA, 0x19CA, 0x19CA, 0x19EA, 0x21EB, 0x220C,
  0x220C, 0x220C, 0x222C, 0x222D, 0x224D, 0x224E, 0x226E, 0x226E, 0x226E, 0x226F, 0x228F, 0x228F,
  0x228F, 0x22AF, 0x22B0, 0x2AB0, 0x22D0, 0x2AD0, 0x22D1, 0x2AD1, 0x2AF2, 0x2AF2, 0x2AF2, 0x2B12,
  0x2AF2, 0x2AF2, 0x2B12, 0x2B12, 0x2AF2, 0x2B12, 0x2B12, 0x2B12, 0x2AF2, 0x2B13, 0x2313, 0x1AB2,
  0x1A92, 0x1272, 0x1272, 0x1A92, 0x1A92, 0x1AB2, 0x1AB3, 0x1AB2, 0x1A92, 0x1A92, 0x1A92, 0x1A92,
  0x1A92, 0x1AB3, 0x1AB3, 0x1AB3, 0x1AB2, 0x1AB3, 0x1A92, 0x1A92, 0x1272, 0x1A92, 0x22D2, 0x22F3,
  0x1AD3, 0x1A92, 0x1A92, 0x1272, 0x1292, 0x1A72, 0x1292, 0x1272, 0x1A92, 0x1A92, 0x1A92, 0x1AB2,
  0x1AD2, 0x22F3, 0x2B13, 0x2B12, 0x2AF2, 0x2AF2, 0x2AF1, 0x2AF1, 0x2AF1, 0x2AF1, 0x2AD1, 0x2AD1,
  0x2AD1, 0x22D1, 0x22B0, 0x22B0, 0x22B0, 0x22AF, 0x22B0, 0x228F, 0x228F, 0x226F, 0x226E, 0x224E,
  0x224E, 0x224E, 0x222D, 0x222D, 0x1A2D, 0x1A0C, 0x1A0C, 0x19EC, 0x19EB, 0x19CB, 0x19CA, 0x19AA,
  0x19AA, 0x1989, 0x1189, 0x1189, 0x19A9, 0x19A9, 0x19AA, 0x19CA, 0x19CA, 0x19EB, 0x19EB, 0x1A0B,
  0x220C, 0x220C, 0x222D, 0x224D, 0x224D, 0x224D, 0x224D, 0x226E, 0x226E, 0x226E, 0x226E, 0x228F,
  0x228F, 0x228F, 0x22B0, 0x22B0, 0x22B0, 0x22B0, 0x2AD0, 0x2AD1, 0x22D1, 0x22D1, 0x2AD1, 0x2AD1,
  0x2AD1, 0x2AD1, 0x2AD1, 0x2AD1, 0x2AF2, 0x2AF1, 0x2AF1, 0x2AF2, 0x2AF2, 0x2B12, 0x2AF3, 0x22D2,
  0x1AB2, 0x1A92, 0x1A92, 0x1A92, 0x1292, 0x1272, 0x1A92, 0x1A92, 0x1A92, 0x1A92, 0x1A92, 0x1A92,
  0x1A92, 0x1A92, 0x1A92, 0x1A92, 0x1A92, 0x1AB2, 0x22D2, 0x2AF2, 0x2B13, 0x2B12, 0x2B12, 0x2AF2,
  0x22F2, 0x22D2, 0x22D2, 0x22D2, 0x22D2, 0x22D2, 0x22D2, 0x22F2, 0x2AF2, 0x2B12, 0x2B12, 0x2AF2,
  0x2AF1, 0x2AF1, 0x22D1, 0x22D1, 0x22D1, 0x2AD1, 0x22D1, 0x22D0, 0x22D0, 0x22B0, 0x22B0, 0x22B0,
  0x2290, 0x228F, 0x228F, 0x226F, 0x226F, 0x226E, 0x226E, 0x224E, 0x224E, 0x222D, 0x1A2D, 0x1A2D,
  0x1A0C, 0x1A0C, 0x1A0C, 0x19EC, 0x19EB, 0x19CB, 0x19CA, 0x19CA, 0x19AA, 0x19A9, 0x1189, 0x1189,
  0x1168, 0x1168, 0x1989, 0x1989, 0x19A9, 0x19A9, 0x19CA, 0x19CA, 0x19CB, 0x19EB, 0x19EB, 0x19EB,
  0x1A0C, 0x222C, 0x222C, 0x222D, 0x222D, 0x224D, 0x224E, 0x224E, 0x224E, 0x226E, 0x226E, 0x226F,
  0x228F, 0x228F, 0x228F, 0x22B0, 0x22B0, 0x22B0, 0x22B0, 0x22B0, 0x22B0, 0x22B0, 0x22B0, 0x2AB0,
  0x22B0, 0x2AD0, 0x2AD1, 0x2AD1, 0x22D1, 0x2AD1, 0x2AD1, 0x22D1, 0x22F2, 0x2AF2, 0x2AF2, 0x22F2,
  0x22F2, 0x22D2, 0x1AB2, 0x1AB2, 0x1AB2, 0x1A92, 0x1A92, 0x1A92, 0x1A92, 0x1AB2, 0x1AD2, 0x22D2,
  0x22D2, 0x22F2, 0x2AF2, 0x2AF2, 0x2AF2, 0x2AF2, 0x22F1, 0x22D1, 0x22D1, 0x2AF1, 0x2AF2, 0x2AF2,
  0x2AF2, 0x2AF2, 0x2AF2, 0x2AF2, 0x2AF2, 0x22F2, 0x2AF1, 0x2AF1, 0x2AD1, 0x22D1, 0x22D1, 0x22D0,
  0x22B0, 0x22B0, 0x22B0, 0x22B0, 0x22B0, 0x22B0, 0x228F, 0x228F, 0x228F, 0x228F, 0x228F, 0x226F,
  0x226E, 0x226E, 0x226E, 0x224E, 0x224D, 0x222D, 0x1A2D, 0x1A2D, 0x1A0C, 0x1A0C, 0x1A0C, 0x19EB,
  0x19EB, 0x19EB, 0x19CB, 0x19CA, 0x19AA, 0x11AA, 0x1189, 0x1189, 0x1189, 0x1168, 0x1168, 0x1168,
  0x1168, 0x1168, 0x1988, 0x1989, 0x19A9, 0x19AA, 0x19CA, 0x19CA, 0x19CA, 0x19EB, 0x19EB, 0x1A0C,
  0x1A0C, 0x1A0C, 0x1A0C, 0x222C, 0x224D, 0x222D, 0x224D, 0x224D, 0x224E, 0x226E, 0x226E, 0x226E,
  0x226F, 0x228F, 0x228F, 0x228F, 0x228F, 0x228F, 0x228F, 0x22AF, 0x22B0, 0x22B0, 0x22B0, 0x22B0,
  0x22B0, 0x22B0, 0x22B0, 0x2AB0, 0x22B0, 0x22D1, 0x22D1, 0x22D1, 0x22D1, 0x2AD1, 0x2AD1, 0x2AF1,
  0x2AF1, 0x2AF1, 0x2AF1, 0x2AF1, 0x2AF2, 0x2AF1, 0x2AF1, 0x2AF1, 0x2AF1, 0x2AF1, 0x2AF1, 0x2AD1,
  0x22D1, 0x2AD1, 0x2AD1, 0x2AD1, 0x2AD1, 0x2AD1, 0x22D1, 0x22D1, 0x22D0, 0x22D1, 0x2AD1, 0x22D1,
  0x22D0, 0x22B0, 0x22D0, 0x22D0, 0x22B0, 0x22B0, 0x22B0, 0x22B0, 0x22B0, 0x22B0, 0x22AF, 0x228F,
  0x228F, 0x228F, 0x228F, 0x228F, 0x226F, 0x226E, 0x226E, 0x226E, 0x226E, 0x224E, 0x224E, 0x224D,
  0x224D, 0x222D, 0x1A2D, 0x1A0C, 0x1A0C, 0x1A0C, 0x19EC, 0x19EB, 0x19EB, 0x19CB, 0x19CB, 0x19CA,
  0x19AA, 0x11AA, 0x1989, 0x1189, 0x1189, 0x1168, 0x1168, 0x1148, 0x1148, 0x1147, 0x1147, 0x1167,
  0x1168, 0x1168, 0x1989, 0x19A9, 0x19A9, 0x19A9, 0x19AA, 0x19CA, 0x19CA, 0x19EB, 0x19EB, 0x19EB,
  0x19EB, 0x1A0C, 0x222C, 0x1A2C, 0x222C, 0x222D, 0x224D, 0x224D, 0x224D, 0x224D, 0x224E, 0x226E,
  0x226E, 0x226E, 0x226E, 0x226E, 0x228F, 0x228F, 0x228F, 0x228F, 0x228F, 0x228F, 0x22B0, 0x22B0,
  0x22AF, 0x22AF, 0x22B0, 0x22B0, 0x22B0, 0x22B0, 0x22B0, 0x22B0, 0x22B0, 0x2AD0, 0x22D0, 0x22B0,
  0x22B0, 0x22B0, 0x22D1, 0x22D1, 0x22D0, 0x22B0, 0x22B0, 0x22D0, 0x22D0, 0x22D0, 0x22B0, 0x22B0,
  0x22B0, 0x22B0, 0x22D0, 0x22B0, 0x22B0, 0x22B0, 0x22B0, 0x22B0, 0x22B0, 0x22B0, 0x22B0, 0x22B0,
  0x22B0, 0x22B0, 0x22B0, 0x228F, 0x228F, 0x228F, 0x228F, 0x228F, 0x228F, 0x226F, 0x226E, 0x226E,
  0x226E, 0x226E, 0x226E, 0x224E, 0x224E, 0x224E, 0x224D, 0x222D, 0x1A2D, 0x1A2C, 0x1A2C, 0x1A0C,
  0x1A0C, 0x1A0C, 0x19EB, 0x19EB, 0x19EB, 0x19CB, 0x19CA, 0x19CA, 0x19AA, 0x11AA, 0x11AA, 0x1189,
  0x1189, 0x1168, 0x1168, 0x1168, 0x1147, 0x1147, 0x1147, 0x1127,
};
